States + DC,Count,# of Records,Total $,Average Contribution per Record,% of Total Races,% of Total Records,% of Total $,Alabama _Ivey_2022,# of Records,Total $,Alaska _Dunleavy_2022,# of Records,Total $,Arizona _Hobbs_2022,# of Records,Total $,Arkansas _Huckabee_Sanders_2022,# of Records,Total $,California _Newsom_2022,# of Records,Total $,Colorado _Polis_2022,# of Records,Total $,Connecticut _Lamont_2022,# of Records,Total $,Delaware _Meyer_2024,# of Records,Total $,Florida _DeSantis_2022,# of Records,Total $,Georgia _Kemp_2022,# of Records,Total $,Hawaii _Green_2022,# of Records,Total $,Idaho _Little_2022,# of Records,Total $,Illinois _Pritzker_2022,# of Records,Total $,Indiana _Braun_2024,# of Records,Total $,Iowa _Reynolds_2022,# of Records,Total $,Kansas _Kelly_2022,# of Records,Total $,Kentucky _Beshear_2023,# of Records,Total $,Louisiana _Landry_2023,# of Records,Total $,Maine _Mills_2022,# of Records,Total $,Maryland _Moore_2022,# of Records,Total $,Massachusetts _Healey_2022,# of Records,Total $,Michigan _Whitmer_2022,# of Records,Total $,Minnesota _Walz_2022,# of Records,Total $,Mississippi _Reeves_2023,# of Records,Total $,Missouri _Parson_2020,# of Records,Total $,Montana _Gianforte_2024,# of Records,Total $,Nebraska _Pillen_2022,# of Records,Total $,Nevada _Lombardo_2022,# of Records,Total $,New Hampshire _Ayotte_2024,# of Records,Total $,New Jersey _Murphy_2021,# of Records,Total $,New Mexico _Lujan_Grisham_2022,# of Records,Total $,New York _Hochul_2022,# of Records,Total $,North Carolina _Cooper_2020,# of Records,Total $,North Dakota _Armstrong_2024,# of Records,Total $,Ohio _DeWine_2022,# of Records,Total $,Oklahoma _Stitt_2022,# of Records,Total $,Oregon _Kotek_2022,# of Records,Total $,Pennsylvania _Shapiro_2022,# of Records,Total $,Rhode Island _McKee_2022,# of Records,Total $,South Carolina _McMaster_2022,# of Records,Total $,South Dakota _Noem_2022,# of Records,Total $,Tennessee _Lee_2022,# of Records,Total $,Texas _Abbott_2022,# of Records,Total $,Utah _Cox_2024,# of Records,Total $,Vermont _Scott_2024,# of Records,Total $,Virginia _Youngkin_2021,# of Records,Total $,Washington _Ferguson_2024,# of Records,Total $,West Virginia _Morrisey_2024,# of Records,Total $,Wisconsin _Evers_2022,# of Records,Total $,Wyoming _Gordon_2022,# of Records,Total $
AK,33,8492,2053740,241.8440886,66%,0.30%,0.15%,,,,AK,"5,047","$1,889,188",AK,340,"$18,266",AK,188,"$11,306",AK,9,$575,AK,4,$227,,,,,,,AK,554,"$16,704",AK,12,$954,,,,AK,1,"$1,000",,,,,,,AK,46,"$1,302",AK,19,"$2,980",AK,3,$800,AK,2,$85,AK,8,$825,AK,10,$325,AK,2,$100,AK,308,"$15,197",AK,1,"$2,900",,,,AK,1,$25,AK,4,$600,,,,,,,,,,,,,AK,47,"$19,323",AK,2,$85,AK,32,"$1,614",,,,AK,1,$500,,,,AK,2,"$1,250",AK,54,"$4,919",AK,1,"$1,000",AK,1,$50,AK,188,"$12,217",,,,AK,"1,162","$30,130",,,,,,,AK,70,"$3,275",AK,7,"$3,900.00",AK,49,"$1,800",AK,317,"$10,318",,,
AL,40,12303,9791754,795.8834431,80%,0.43%,0.72%,AL,"1,513","$8,215,144",,,,AL,442,"$18,526",AL,965,"$140,027",AL,13,"$31,450",AL,2,$45,,,,,,,AL,"2,341","$339,512",AL,108,"$233,304",,,,AL,2,"$5,000",,,,AL,3,"$2,200",AL,126,"$3,943",AL,39,"$2,309",AL,25,"$17,476",AL,39,"$61,877",AL,5,"$1,030",AL,52,"$10,913",AL,11,"$3,018",AL,728,"$19,695",AL,19,"$2,750",AL,47,"$198,000.00",AL,3,"$7,800",AL,7,"$5,480",AL,1,"$1,500",AL,6,"$6,770",AL,1,$100,,,,AL,48,"$28,329",AL,11,$221,AL,97,"$10,581",,,,AL,5,"$5,700",AL,3,$750,AL,1,$50,AL,115,"$6,417",,,,AL,7,"$10,555",AL,401,"$76,202",AL,21,"$51,400",AL,"4,119","$159,989",AL,2,"$10,104",,,,AL,186,"$83,466",AL,2,$275.00,AL,130,"$6,603",AL,657,"$13,243",,,
AR,44,26830,12896940,480.6910175,88%,0.94%,0.95%,AR,2,"$27,500",AR,1,$25,AR,367,"$13,555",AR,"20,809","$11,338,113",AR,7,$475,AR,8,$400,,,,,,,AR,"1,008","$127,461",AR,24,"$79,450",AR,2,$500,AR,3,"$10,000",,,,AR,2,"$100,000",AR,110,"$51,858",AR,30,"$6,860",AR,132,"$12,501",AR,73,"$66,940",AR,8,"$3,375",AR,42,"$6,234",AR,7,$157,AR,412,"$37,197",AR,1,$500,AR,18,"$36,750.00",AR,2,"$1,000",AR,1,$500,AR,11,"$61,000",AR,1,"$5,000",AR,1,"$5,000",,,,AR,47,"$34,835",AR,10,"$13,153",AR,47,"$8,670",AR,3,"$28,000",AR,11,"$50,461",AR,71,"$104,668",,,,AR,112,"$31,598",AR,16,"$11,009",AR,6,"$10,000",AR,303,"$126,153",AR,3,"$4,500",AR,"2,548","$292,896",AR,2,"$7,500",,,,AR,72,"$144,927",AR,4,"$4,800.00",AR,85,"$3,651",AR,406,"$25,768",AR,2,"$2,000"
AZ,47,77917,11642932,149.427365,94%,2.74%,0.86%,AZ,5,$66,AZ,14,"$10,040",AZ,"50,647","$7,779,474",AZ,"2,237","$252,338",AZ,77,"$171,086",AZ,49,"$1,330",AZ,8,$778,AZ,13,"$8,800",AZ,"5,027","$1,399,485",AZ,74,"$69,240",AZ,9,"$20,370",AZ,20,"$60,220",,,,AZ,15,"$74,578",AZ,379,"$48,433",AZ,239,"$23,601",AZ,44,"$20,455",AZ,51,"$11,764",AZ,115,"$8,377",AZ,159,"$26,825",AZ,19,"$1,895",AZ,"2,888","$125,071",AZ,46,"$15,180",AZ,6,"$86,000.00",,,,AZ,28,"$23,090",AZ,7,"$27,990",AZ,49,"$63,225",AZ,9,"$38,000",AZ,3,"$8,400",AZ,444,"$169,768",AZ,71,"$33,521",AZ,198,"$6,522",AZ,2,"$2,000",AZ,12,"$28,010",AZ,10,"$7,729",AZ,33,"$10,505",AZ,707,"$75,995",AZ,4,"$3,500",AZ,42,"$21,835",AZ,"1,758","$191,786",AZ,3,"$4,000",AZ,"8,799","$540,424",AZ,2,$937,,,,AZ,446,"$48,173",AZ,88,"$15,235.00",AZ,448,"$14,984",AZ,"2,618","$91,195",AZ,16,"$10,280"
CA,49,225440,59613350.03,264.4311126,98%,7.94%,4.41%,CA,16,$367,CA,12,$425,CA,"38,936","$2,511,943",CA,"9,986","$796,231",CA,"25,739","$19,390,893",CA,316,"$14,336",CA,60,"$18,045",CA,192,"$28,123",CA,"20,265","$6,601,728",CA,163,"$264,919",CA,231,"$314,854",CA,29,"$46,585",,,,CA,14,"$53,494",CA,"1,297","$86,072",CA,"2,197","$443,375",CA,467,"$189,644",CA,241,"$78,827",CA,"1,061","$237,311",CA,"1,848","$749,904",CA,314,"$76,153",CA,"32,830","$3,697,434",CA,460,"$180,650",CA,26,"$107,250.00",CA,24,"$43,564",CA,119,"$72,100",CA,12,"$35,500",CA,250,"$505,651",CA,19,"$60,900",CA,88,"$302,700",CA,"2,900","$894,578",CA,"1,026","$1,518,897",CA,"2,794","$707,224",CA,2,"$25,250",CA,73,"$165,675",CA,75,"$37,168",CA,466,"$2,092,154",CA,"9,567","$8,261,114",CA,35,"$17,368",CA,153,"$49,003",CA,"5,482","$524,863",CA,23,"$49,200",CA,"33,164","$4,523,188",CA,32,"$231,031",CA,3,"$1,250",CA,"2,414","$555,590",CA,389,"$154,823.03",CA,"1,768","$118,815",CA,"28,105","$2,819,624",CA,9,"$3,725"
CO,47,39600,17319820,437.3691919,94%,1.39%,1.28%,,,,CO,5,"$3,850",CO,"3,600","$249,979",CO,"1,446","$145,406",CO,95,"$168,862",CO,"12,160","$13,103,293",CO,8,"$3,853",CO,9,"$7,400",CO,"3,887","$364,175",CO,39,"$79,808",CO,32,"$24,000",CO,44,"$70,050",,,,CO,2,"$1,100",CO,225,"$37,119",CO,459,"$164,810",CO,159,"$24,960",CO,42,"$49,639",CO,94,"$30,749",CO,164,"$32,168",CO,75,"$20,730",CO,"3,530","$649,731",CO,55,"$21,526",CO,5,"$3,000.00",CO,9,"$9,050",CO,23,"$19,670",CO,14,"$27,000",CO,8,"$28,150",CO,5,"$12,600",CO,5,"$13,300",CO,588,"$307,120",CO,108,"$155,300",CO,310,"$35,157",CO,4,"$58,000",CO,12,"$18,325",CO,21,"$23,741",CO,49,"$50,045",CO,726,"$293,174",CO,3,"$2,000",CO,59,"$8,543",CO,"1,417","$147,173",CO,3,"$11,400",CO,"6,283","$370,226",CO,17,"$143,618",,,,CO,402,"$63,517",CO,35,"$7,137.00",CO,310,"$27,149",CO,"3,043","$222,124",CO,28,"$21,346"
CT,44,16491,4271814.26,259.039128,88%,0.58%,0.32%,,,,,,,CT,"2,134","$134,470",CT,774,"$105,137",CT,52,"$88,334",CT,20,"$1,155",CT,"4,397","$3,560,069",CT,29,"$8,262",CT,"1,999","$635,370",CT,61,"$139,439",CT,7,"$18,500",,,,,,,CT,9,"$31,300",CT,109,"$1,982",CT,177,"$32,400",CT,103,"$90,732",CT,21,"$19,380",CT,256,"$30,636",CT,414,"$163,507",CT,171,"$84,133",CT,"2,811","$225,726",CT,45,"$9,835",CT,1,"$5,000.00",CT,10,"$6,500",CT,8,"$6,080",,,,CT,10,"$10,515",CT,24,"$52,343",CT,30,"$80,250",CT,173,"$85,481",CT,321,"$841,164",CT,449,"$183,210",,,,CT,22,"$29,322",CT,3,"$1,800",CT,9,"$15,300",CT,928,"$242,407",CT,69,"$29,828",CT,6,"$6,555",CT,413,"$39,658",CT,4,"$12,550",CT,"2,537","$200,965",CT,2,$202,CT,2,$550,CT,191,"$392,247",CT,14,"$7,030.26",CT,99,"$4,859",CT,"2,001","$199,962",CT,2,"$6,000"
DC,50,12834,93535920.93,7288.134715,100%,0.45%,6.93%,DC,8,"$2,027,500",DC,1,$500,DC,"1,728","$248,348",DC,100,"$72,230",DC,57,"$324,917",DC,52,"$2,721",DC,13,"$11,306",DC,119,"$59,903",DC,375,"$24,195,315",DC,100,"$11,114,459",DC,39,"$57,195",DC,21,"$58,601",DC,8,"$39,138",DC,24,"$1,588,000",DC,79,"$130,967",DC,470,"$248,042",DC,191,"$154,854",DC,33,"$62,133",DC,351,"$155,057",DC,"1,446","$914,526",DC,281,"$96,206",DC,"1,854","$774,979",DC,173,"$101,432",DC,32,"$1,094,812.93",DC,16,"$18,650",DC,9,"$8,590",DC,11,"$19,750",DC,24,"$50,191",DC,49,"$2,808,687",DC,81,"$253,926",DC,231,"$593,113",DC,285,"$1,214,145",DC,664,"$252,639",DC,14,"$128,394",DC,135,"$364,744",DC,38,"$75,318",DC,125,"$9,796,979",DC,936,"$13,703,770",DC,22,"$13,819",DC,42,"$75,489",DC,69,"$2,939,921",DC,20,"$78,700",DC,391,"$4,345,575",DC,32,"$361,123",DC,3,"$6,250",DC,309,"$11,401,168",DC,59,"$43,230.00",DC,24,"$19,306",DC,"1,807","$1,465,011",DC,15,"$35,500"
DE,37,4035,1010655,250.472119,74%,0.14%,0.07%,,,,,,,DE,343,"$14,673",DE,193,"$12,838",DE,6,"$25,500",DE,1,$100,DE,1,$11,DE,"4,196","$2,664,431",DE,644,"$580,395",DE,9,"$25,800",DE,13,"$22,100",,,,,,,DE,1,"$2,500",DE,33,"$4,563",DE,34,"$3,367",DE,5,$925,DE,5,$300,DE,27,"$2,920",DE,137,"$53,124",DE,6,"$2,100",DE,547,"$17,597",,,,DE,1,"$1,000.00",,,,DE,3,$750,,,,DE,5,"$20,200",DE,1,$250,DE,4,"$8,400",DE,39,"$1,562",DE,41,"$45,948",DE,47,"$15,684",,,,DE,8,"$10,600",DE,1,"$2,000",DE,4,"$5,900",DE,343,"$45,615",,,,DE,4,$118,DE,96,"$8,357",,,,DE,851,"$44,589",DE,1,"$3,000",,,,DE,103,"$5,743",,,,DE,43,$673,DE,436,"$21,464",,,
FL,49,288938,141131867.7,488.4503517,98%,10.17%,10.45%,FL,32,"$59,121",FL,17,"$15,730",FL,"6,147","$241,506",FL,"6,825","$1,166,151",FL,198,"$363,641",FL,69,"$2,536",FL,45,"$28,199",FL,69,"$59,220",FL,"216,120","$123,647,161",FL,385,"$1,368,350",FL,20,"$47,000",FL,4,"$13,500",,,,FL,60,"$442,069",FL,"1,129","$259,452",FL,394,"$74,960",FL,346,"$303,504",FL,129,"$102,069",FL,452,"$108,992",FL,757,"$395,238",FL,221,"$99,372",FL,"9,322","$571,434",FL,177,"$75,645",FL,40,"$294,100.00",FL,48,"$99,950",FL,100,"$67,252",FL,6,"$33,500",FL,97,"$229,009",FL,117,"$289,445",FL,105,"$305,900",FL,465,"$173,738",FL,558,"$2,122,729",FL,"1,225","$362,348",FL,4,"$32,000",FL,113,"$355,769",FL,86,"$140,828",FL,29,"$28,308",FL,"2,606","$1,745,126",FL,88,"$56,666",FL,214,"$210,644",FL,"3,693","$602,666",FL,69,"$160,071",FL,"25,792","$2,504,134",FL,10,"$41,114",FL,14,"$7,000",FL,"2,511","$1,448,832",FL,55,"$22,546.72",FL,"1,636","$131,559",FL,"6,446","$304,867",FL,7,"$4,335"
GA,49,53647,65623692,1223.249986,98%,1.89%,4.86%,GA,20,"$135,407",GA,7,"$2,576",GA,"1,714","$45,677",GA,"2,196","$311,960",GA,126,"$146,928",GA,11,$353,GA,2,"$1,250",GA,50,"$28,888",GA,"6,118","$2,308,106",GA,"26,733","$59,757,470",GA,2,"$12,000",GA,1,"$2,500",,,,GA,11,"$59,650",GA,330,"$158,523",GA,201,"$12,824",GA,67,"$35,164",GA,60,"$48,922",GA,103,"$10,965",GA,352,"$81,717",GA,22,"$8,001",GA,"2,284","$159,754",GA,36,"$9,300",GA,12,"$19,000.00",GA,1,$250,GA,10,"$8,130",GA,6,"$24,000",GA,14,"$27,815",GA,10,"$32,449",GA,7,"$22,600",GA,136,"$44,125",GA,61,"$111,506",GA,576,"$138,378",GA,9,"$26,062",GA,19,"$81,566",GA,5,"$5,250",GA,14,"$8,691",GA,636,"$128,265",GA,2,"$1,000",GA,185,"$389,326",GA,972,"$135,189",GA,26,"$69,171",GA,"7,843","$335,566",GA,5,"$20,008",GA,1,"$4,480",GA,507,"$546,360",GA,19,"$3,417.00",GA,564,"$42,839",GA,"1,612","$90,302",GA,1,$150
HI,34,7288,3156327,433.085483,68%,0.26%,0.23%,HI,1,$26,HI,1,$250,HI,754,"$36,972",HI,275,"$15,524",HI,33,"$1,771",HI,6,$175,,,,HI,5,$425,HI,574,"$28,433",HI,1,"$1,000",HI,"2,689","$2,890,285",HI,2,"$3,000",,,,,,,HI,42,$607,HI,103,"$4,775",HI,18,"$3,455",HI,7,$275,HI,19,"$4,310",HI,24,"$1,470",HI,12,$203,HI,805,"$25,466",HI,7,"$1,100",,,,,,,,,,,,,HI,7,"$10,554",,,,,,,HI,50,"$2,309",HI,21,"$1,031",HI,41,"$1,423",,,,,,,,,,HI,13,"$3,909",HI,198,"$16,810",HI,1,$250,HI,6,"$4,535",HI,120,"$20,318",,,,HI,703,"$48,530",,,,,,,HI,55,"$4,765",HI,12,"$2,075.00",HI,41,$931,HI,647,"$19,790",,,
IA,37,35487,10223339,288.0868769,74%,1.25%,0.76%,IA,1,$5,,,,IA,574,"$31,604",IA,683,"$41,072",IA,14,"$42,970",IA,27,$835,,,,,,,IA,"1,050","$66,221",IA,9,"$15,147",IA,2,"$6,101",IA,1,"$2,000",,,,IA,2,"$10,000",IA,"27,897","$9,551,083",IA,43,"$8,892",IA,8,"$2,733",IA,4,$110,IA,17,"$5,510",IA,43,"$5,715",IA,4,"$1,305",IA,935,"$39,541",IA,26,"$11,550",,,,IA,2,"$3,600",IA,1,$104,IA,20,"$119,178",IA,1,"$2,500",,,,IA,1,"$1,000",IA,47,"$23,412",IA,12,"$10,710",IA,82,"$2,891",,,,,,,IA,2,"$3,000",IA,2,$278,IA,137,"$10,822",IA,1,$5,IA,3,"$6,500",IA,881,"$93,426",,,,IA,"1,727","$62,284",,,,,,,IA,57,"$4,525",,,,IA,104,"$2,459",IA,"1,067","$34,251",,,
ID,41,11352,2132497,187.8520965,82%,0.40%,0.16%,ID,1,$15,ID,2,$152,ID,389,"$19,711",ID,519,"$48,286",ID,34,"$1,145",ID,19,$200,,,,,,,ID,"1,348","$72,427",ID,7,"$2,544",ID,2,"$4,000",ID,"4,709","$1,665,506",,,,ID,1,$250,ID,135,"$2,442",ID,43,"$4,900",ID,19,"$1,130",ID,13,"$15,802",ID,9,"$1,500",ID,16,$601,ID,4,"$1,100",ID,504,"$21,233",ID,3,"$1,620",ID,1,"$1,000.00",ID,2,$500,ID,15,"$12,090",ID,2,"$26,000",ID,2,$750,,,,ID,1,"$2,500",ID,28,"$33,162",ID,11,$372,ID,47,"$3,468",,,,ID,2,"$1,050",ID,1,$250,ID,8,"$7,550",ID,162,"$15,653",,,,,,,ID,470,"$44,689",,,,ID,"2,090","$77,078",ID,2,"$1,550",,,,ID,91,"$11,360",ID,75,"$5,925.00",ID,171,"$6,069",ID,393,"$16,717",ID,1,$200
IL,50,54415,175553497.1,3226.196768,100%,1.92%,13.00%,IL,3,"$10,126",IL,5,"$3,030",IL,"5,563","$332,594",IL,"2,654","$235,558",IL,123,"$155,897",IL,45,"$1,791",IL,1,$3,IL,34,"$16,985",IL,"6,373","$7,562,151",IL,114,"$474,574",IL,15,"$17,835",IL,3,"$2,010",IL,67,"$159,211,003",IL,90,"$1,468,070",IL,390,"$218,693",IL,580,"$91,269",IL,205,"$115,758",IL,67,"$21,754",IL,118,"$20,258",IL,551,"$204,620",IL,73,"$16,360",IL,"9,431","$1,052,359",IL,155,"$30,111",IL,8,"$7,750.00",IL,70,"$63,068",IL,18,"$15,715",IL,15,"$121,800",IL,43,"$52,896",IL,3,"$8,500",IL,34,"$116,400",IL,378,"$163,121",IL,184,"$226,950",IL,531,"$72,815",IL,3,"$9,500",IL,26,"$57,324",IL,17,"$16,855",IL,40,"$48,945",IL,"1,703","$779,392",IL,12,"$4,467",IL,52,"$53,573",IL,"1,501","$154,828",IL,30,"$50,150",IL,"8,479","$523,154",IL,7,"$17,317",IL,1,"$1,000",IL,530,"$492,321",IL,29,"$11,926.14",IL,440,"$23,596",IL,"13,634","$1,210,313",IL,2,"$4,000"
IN,46,20593,14892404,723.1779731,92%,0.73%,1.10%,IN,4,$70,IN,1,$5,IN,"1,108","$28,131",IN,"1,194","$89,104",IN,9,"$1,960",IN,19,$407,IN,9,$48,IN,6,"$4,450",IN,"3,349","$472,167",IN,47,"$118,092",IN,1,"$1,000",IN,3,"$1,300",,,,IN,"3,996","$12,585,271",IN,171,"$20,178",IN,128,"$11,089",IN,289,"$174,762",IN,32,"$9,335",IN,15,"$1,855",IN,105,"$14,350",IN,13,"$3,183",IN,"2,295","$161,509",IN,71,"$6,555",IN,8,"$58,250.00",IN,9,"$8,900",IN,6,"$4,240",IN,2,"$101,000",IN,1,"$5,000",IN,3,"$6,104",IN,2,"$4,500",IN,81,"$32,018",IN,52,"$95,628",IN,163,"$23,803",IN,2,"$3,000",IN,31,"$63,539",IN,7,"$12,600",IN,5,"$155,950",IN,307,"$229,929",IN,1,$250,IN,12,"$11,060",IN,594,"$53,359",IN,8,"$23,600",IN,"4,354","$192,871",IN,4,"$10,500",,,,IN,225,"$39,864",,,,IN,220,"$8,936",IN,"1,646","$47,180",,,
KS,41,47127,6825719,144.8366966,82%,1.66%,0.51%,KS,3,"$12,000",,,,KS,575,"$22,234",KS,867,"$108,409",KS,1,$100,KS,2,$125,,,,,,,KS,"1,431","$430,913",KS,22,"$179,959",KS,1,"$2,500",KS,2,"$2,000",,,,,,,KS,148,"$19,639",KS,"38,346","$5,132,586",KS,7,"$5,800",KS,21,"$11,088",KS,9,"$2,842",KS,56,"$1,004",KS,21,$285,KS,820,"$33,997",KS,5,$500,KS,4,"$3,000.00",KS,203,"$242,089",KS,5,$900,KS,23,"$91,393",KS,9,"$39,000",,,,KS,1,"$4,900",KS,90,"$8,930",KS,30,"$35,438",KS,65,"$6,666",KS,1,"$2,500",KS,4,"$8,600",KS,37,"$74,300",KS,2,"$7,700",KS,156,"$17,413",,,,KS,12,"$6,360",KS,504,"$103,867",KS,2,"$7,500",KS,"2,848","$97,092",KS,2,"$32,500",,,,KS,63,"$40,330",KS,1,$153.00,KS,88,"$3,753",KS,640,"$25,354",,,
KY,39,37706,22321085,591.9770063,78%,1.33%,1.65%,KY,5,$82,KY,1,$35,KY,436,"$19,035",KY,859,"$47,156",KY,24,"$11,110",KY,6,$317,,,,KY,1,"$1,200",KY,"1,715","$597,269",KY,19,"$29,815",,,,,,,,,,KY,40,"$177,252",KY,58,$999,KY,49,"$4,035",KY,"29,088","$20,871,814",KY,30,"$20,540",KY,28,"$7,518",KY,42,"$8,972",KY,13,"$5,138",KY,"1,138","$49,892",,,,KY,7,"$13,100.00",,,,,,,,,,KY,1,$250,,,,KY,9,"$22,650",KY,52,"$11,693",KY,25,"$47,446",KY,141,"$10,576",KY,2,"$3,000",KY,43,"$122,144",KY,6,"$14,600",KY,1,$250,KY,151,"$34,124",KY,1,$250,KY,3,"$4,505",KY,369,"$32,553",KY,6,"$10,650",KY,"2,303","$75,288",,,,,,,KY,129,"$25,310",KY,1,$500.00,KY,134,"$18,104",KY,768,"$21,663",KY,3,"$1,450"
LA,42,25869,16650878,643.6614481,84%,0.91%,1.23%,LA,5,"$11,062",LA,2,"$1,510",LA,568,"$18,449",LA,"1,257","$306,395",LA,24,"$12,125",LA,16,$559,,,,LA,1,"$1,200",LA,"1,669","$223,513",LA,42,"$89,274",LA,3,"$2,000",LA,2,"$10,000",,,,LA,2,"$15,000",LA,220,"$3,688",LA,48,"$9,798",LA,40,"$53,950",LA,"15,006","$14,205,170",LA,15,"$5,832",LA,59,"$5,317",LA,4,"$2,025",LA,546,"$40,380",LA,18,"$4,985",LA,125,"$880,465.00",LA,2,$750,LA,18,"$14,950",,,,LA,3,"$7,741",,,,,,,LA,74,"$119,590",LA,27,"$16,622",LA,73,"$38,847",LA,1,"$2,500",LA,3,"$3,564",LA,4,"$6,850",LA,4,$260,LA,163,"$19,250",,,,LA,13,"$27,171",LA,551,"$94,321",LA,5,"$14,900",LA,"4,335","$273,834",LA,7,"$20,500",,,,LA,215,"$35,618",LA,1,"$2,400.00",LA,187,"$30,090",LA,512,"$19,623",,,
MA,46,63246,14074740,222.5396072,92%,2.23%,1.04%,MA,3,$77,MA,1,$25,MA,"5,863","$466,520",MA,"1,169","$73,657",MA,114,"$49,145",MA,58,"$2,806",MA,69,"$19,723",MA,66,"$27,425",MA,"3,663","$1,408,717",MA,38,"$30,346",MA,21,"$34,574",MA,1,$100,,,,MA,4,"$22,650",MA,116,"$23,588",MA,501,"$100,155",MA,281,"$139,572",MA,50,"$17,308",MA,"1,260","$267,818",MA,573,"$88,622",MA,"25,809","$6,913,188",MA,"6,848","$711,960",MA,114,"$32,353",MA,2,"$2,000.00",,,,,,,MA,1,"$5,000",MA,5,"$2,950",MA,280,"$663,943",MA,48,"$116,250",MA,406,"$94,531",MA,263,"$540,307",MA,825,"$95,104",MA,1,"$2,500",MA,10,"$21,265",MA,1,$500,MA,67,"$104,091",MA,"2,316","$701,891",MA,490,"$263,953",MA,32,"$16,238",MA,657,"$56,200",MA,3,"$12,900",MA,"4,273","$171,892",,,,MA,2,$700,MA,298,"$88,453",MA,44,"$27,213.00",MA,157,"$6,368",MA,"6,574","$696,485",MA,4,$825
MD,48,57583,13973192.68,242.6617696,96%,2.03%,1.03%,MD,4,$544,MD,4,"$2,302",MD,"4,398","$281,775",MD,"1,207","$94,163",MD,81,"$33,938",MD,54,"$1,744",MD,3,"$1,500",MD,165,"$91,500",MD,"3,023","$800,579",MD,57,"$81,453",MD,26,"$42,219",MD,4,"$2,250",,,,MD,9,"$23,750",MD,289,"$18,356",MD,403,"$74,258",MD,203,"$98,255",MD,45,"$17,246",MD,262,"$68,082",MD,"26,803","$8,345,839",MD,111,"$39,409",MD,"4,932","$389,530",MD,112,"$36,205",MD,4,"$57,000.00",MD,3,"$6,250",MD,13,"$4,140",MD,1,"$2,500",,,,MD,34,"$47,450",MD,34,"$46,150",MD,348,"$158,715",MD,245,"$416,219",MD,757,"$157,427",MD,7,"$20,500",MD,25,"$50,083",MD,19,"$6,460",MD,50,"$190,399",MD,"2,213","$938,677",MD,15,"$6,876",MD,45,"$14,418",MD,784,"$66,108",MD,2,"$6,800",MD,"5,201","$362,444",MD,11,"$45,573",MD,2,"$1,000",MD,986,"$379,770",MD,28,"$21,173.68",MD,201,"$17,396",MD,"4,527","$496,767",MD,1,"$1,000"
ME,35,31326,4419888,141.0932771,70%,1.10%,0.33%,,,,,,,ME,719,"$39,891",ME,284,"$33,608",ME,8,"$15,650",ME,15,$369,ME,3,"$2,500",ME,2,"$2,400",ME,726,"$36,414",,,,ME,2,"$1,250",,,,,,,,,,ME,15,$722,ME,41,"$8,355",ME,28,"$2,710",ME,10,"$5,230",ME,"26,071","$3,904,721",ME,64,"$5,364",ME,73,"$19,098",ME,817,"$39,167",ME,5,"$1,050",,,,ME,1,$250,,,,,,,,,,ME,22,"$110,000",ME,2,"$5,400",ME,106,"$4,608",ME,80,"$42,898",ME,127,"$19,715",,,,,,,,,,ME,5,"$1,350",ME,212,"$30,683",ME,1,$37,ME,3,$60,ME,175,"$10,810",,,,ME,869,"$24,870",,,,ME,1,$200,ME,44,"$6,558",ME,1,$100.00,ME,99,"$6,974",ME,699,"$41,576",ME,1,$200
MI,44,212891,27013888,126.8906999,88%,7.50%,2.00%,MI,12,"$4,203",MI,4,"$1,650",MI,"2,446","$92,199",MI,"2,156","$167,111",MI,38,"$47,853",MI,31,$930,MI,6,"$1,255",MI,22,"$4,119",MI,"5,653","$1,669,721",MI,30,"$199,450",MI,3,"$7,500",MI,2,"$1,000",,,,MI,29,"$165,500",MI,314,"$33,964",MI,209,"$23,327",MI,129,"$62,725",MI,58,"$16,477",MI,59,"$9,063",MI,192,"$28,877",MI,22,"$2,878",MI,"186,292","$22,831,352",MI,17,"$4,150",MI,3,"$3,000.00",,,,MI,11,"$8,995",,,,MI,3,"$5,000",,,,MI,6,"$20,600",MI,159,"$9,314",MI,72,"$105,647",MI,229,"$54,882",MI,1,"$5,000",MI,37,"$163,142",MI,3,"$4,200",MI,9,"$1,425",MI,852,"$153,781",MI,1,$1,MI,46,"$21,186",MI,"1,592","$211,551",MI,22,"$61,500",MI,"7,728","$407,844",MI,2,"$3,500",,,,MI,327,"$213,853",MI,9,$398.00,MI,413,"$18,686",MI,"3,670","$170,453",,,
MN,47,55357,10530894,190.2359954,94%,1.95%,0.78%,MN,1,$2,MN,1,"$100,000",MN,"2,041","$98,527",MN,"1,095","$72,200",MN,23,"$65,960",MN,19,$382,MN,2,"$2,000",MN,3,"$1,125",MN,"2,730","$893,849",MN,22,"$72,076",MN,8,"$7,660",MN,1,"$1,000",,,,MN,11,"$69,771",MN,291,"$106,625",MN,165,"$43,349",MN,157,"$158,105",MN,39,"$13,181",MN,62,"$6,290",MN,111,"$29,458",MN,17,"$3,324",MN,"3,254","$162,719",MN,"31,595","$7,124,836",MN,2,"$2,000.00",MN,2,"$2,250",MN,6,$422,MN,14,"$37,943",MN,4,"$11,250",,,,MN,1,"$4,900",MN,162,"$25,183",MN,61,"$93,960",MN,136,"$17,090",MN,31,"$98,074",MN,7,"$34,496",MN,2,"$4,500",MN,12,"$6,950",MN,434,"$168,441",MN,2,$8,MN,17,"$2,059",MN,"1,988","$237,186",MN,4,"$20,900",MN,"3,341","$147,476",MN,5,"$13,582",,,,MN,146,"$23,372",MN,20,$930.00,MN,166,"$8,820",MN,"7,149","$539,738",MN,2,$50
MO,49,25123,10197294,405.8947578,98%,0.88%,0.76%,MO,1,$525,MO,2,"$5,022",MO,"1,353","$61,608",MO,"1,670","$352,887",MO,38,"$94,690",MO,27,$655,,,,MO,5,"$3,061",MO,"2,794","$1,133,283",MO,112,"$391,552",MO,10,"$43,250",MO,6,"$16,510",MO,1,$793,MO,9,"$62,500",MO,237,"$114,176",MO,"1,018","$397,672",MO,61,"$55,956",MO,66,"$38,671",MO,59,"$20,520",MO,99,"$20,271",MO,20,"$6,622",MO,"1,895","$174,451",MO,44,"$7,450",MO,11,"$144,850.00",MO,"6,901","$5,085,774",MO,4,"$1,720",MO,18,"$61,875",MO,2,$104,MO,3,"$12,000",MO,5,"$16,700",MO,126,"$121,501",MO,68,"$123,630",MO,153,"$71,142",MO,2,"$11,500",MO,19,"$119,804",MO,13,"$35,300",MO,26,"$84,107",MO,532,"$150,596",MO,5,"$3,512",MO,32,"$104,168",MO,732,"$91,449",MO,7,"$39,000",MO,"4,935","$364,115",MO,20,"$73,646",MO,3,"$4,980",MO,211,"$281,492",MO,10,"$4,093.00",MO,298,"$16,437",MO,"1,463","$172,235",MO,2,"$2,500"
MS,37,8826,10118248.02,1146.41378,74%,0.31%,0.75%,MS,9,"$72,056",,,,MS,142,"$5,457",MS,582,"$127,329",MS,1,$20,,,,,,,,,,MS,949,"$55,515",MS,44,"$161,963",MS,1,"$1,000",,,,,,,MS,4,"$1,560",MS,80,"$4,220",MS,4,$175,MS,15,"$13,700",MS,85,"$143,690",MS,1,$250,MS,19,"$1,840",MS,3,$51,MS,232,"$9,316",MS,15,$570,MS,3755,"$9,155,350.02",,,,MS,7,"$4,980",,,,MS,3,"$3,004",MS,1,"$2,000",,,,MS,15,"$34,103",MS,5,"$5,515",MS,51,"$32,039",MS,2,"$2,000",MS,6,"$7,500",,,,MS,2,"$1,500",MS,49,"$5,455",MS,1,$1,MS,14,"$7,970",MS,193,"$23,344",MS,18,"$34,400",MS,"2,095","$141,063",,,,,,,MS,108,"$38,646",MS,4,"$6,000.00",MS,175,"$8,776",MS,136,"$5,890",,,
MT,34,9513,3084849,324.2771996,68%,0.33%,0.23%,,,,,,,MT,331,"$12,061",MT,346,"$26,940",MT,5,"$10,750",MT,18,$640,MT,1,$103,,,,MT,631,"$66,446",,,,,,,MT,2,"$5,050",,,,MT,2,$760,MT,47,$981,MT,25,"$3,986",MT,25,"$2,464",MT,8,"$5,400",MT,1,$100,MT,15,"$5,271",MT,2,"$1,025",MT,438,"$25,972",MT,9,"$13,100",,,,,,,MT,"5,420","$2,668,812",MT,1,$250,MT,4,"$20,000",,,,MT,2,"$9,800",MT,38,"$7,284",MT,8,"$5,668",MT,31,"$1,084",,,,,,,,,,MT,5,"$5,700",MT,71,"$7,244",,,,MT,9,"$4,048",MT,380,"$73,453",,,,MT,"1,183","$65,746",,,,,,,MT,83,"$12,694",MT,12,"$7,024.00",MT,57,"$3,364",MT,299,"$10,082",MT,5,"$1,650"
NC,49,110495,37777382,341.8922304,98%,3.89%,2.80%,NC,1,$30,NC,2,"$1,100",NC,"2,284","$72,110",NC,"1,755","$269,531",NC,48,"$4,000",NC,22,$684,NC,3,$280,NC,11,"$7,050",NC,"4,896","$501,791",NC,87,"$198,458",NC,4,"$7,000",NC,5,"$7,500",,,,NC,8,"$53,500",NC,229,"$24,198",NC,182,"$28,217",NC,98,"$64,992",NC,57,"$23,347",NC,96,"$15,278",NC,314,"$60,956",NC,38,"$7,379",NC,"3,310","$153,666",NC,23,"$6,925",NC,5,"$8,500.00",NC,3,"$5,350",NC,3,$250,NC,2,"$10,000",NC,5,"$14,000",NC,8,"$22,771",NC,17,"$43,300",NC,200,"$24,373",NC,82,"$72,263",NC,"85,468","$34,937,958",NC,3,"$15,000",NC,16,"$40,847",NC,8,"$5,425",NC,13,"$12,490",NC,625,"$64,656",NC,3,$150,NC,213,"$274,885",NC,978,"$147,310",NC,34,"$53,858",NC,"6,179","$253,268",NC,4,"$17,520",NC,1,"$1,000",NC,661,"$102,588",NC,18,"$5,955.00",NC,348,"$32,542",NC,"2,131","$99,111",NC,8,"$11,350"
ND,30,2353,3070093,1304.756906,60%,0.08%,0.23%,,,,,,,ND,108,"$1,928",ND,151,"$8,917",ND,1,"$16,000",,,,,,,,,,ND,325,"$23,364",,,,,,,,,,,,,ND,1,"$5,000",ND,47,"$2,872",ND,1,"$2,000",ND,3,"$2,150",ND,3,$55,ND,7,$100,ND,3,$30,ND,1,$50,ND,122,"$2,897",ND,8,"$4,350",,,,,,,ND,38,"$29,350",ND,1,"$2,000",ND,1,"$2,000",ND,1,"$2,500",,,,ND,5,$255,ND,1,"$2,500",ND,3,$150,ND,459,"$2,874,030",ND,1,"$2,000",,,,,,,ND,27,$726,,,,,,,ND,366,"$48,876",,,,ND,539,"$22,018",,,,,,,ND,8,"$6,291",,,,ND,37,"$2,187",ND,84,"$3,497",ND,1,"$2,000"
NE,41,8038,11007790,1369.468773,82%,0.28%,0.82%,NE,20,"$1,071",NE,1,$250,NE,202,"$14,889",NE,457,"$25,594",NE,5,"$15,100",NE,4,$240,,,,,,,NE,964,"$87,461",NE,74,"$5,434",NE,3,"$9,054",NE,2,$200,,,,NE,7,"$11,290",NE,346,"$36,356",NE,64,"$5,871",NE,4,"$4,725",NE,29,"$3,451",NE,7,$700,NE,26,"$6,508",NE,1,"$1,000",NE,418,"$27,846",NE,20,"$1,615",NE,1,"$1,000.00",,,,,,,NE,"1,770","$10,397,433",NE,3,"$15,000",,,,,,,NE,25,"$16,373",NE,26,"$27,612",NE,17,$268,NE,1,"$1,000",NE,8,"$15,826",NE,10,"$9,400",NE,10,"$3,833",NE,65,"$14,002",,,,NE,8,"$3,610",NE,632,"$51,759",NE,9,"$31,400",NE,"2,306","$90,437",NE,2,"$5,000",,,,NE,64,"$38,263",NE,1,$500.00,NE,53,"$3,108",NE,370,"$17,811",NE,3,"$5,500"
NH,36,7341,4031018,549.110203,72%,0.26%,0.30%,,,,,,,NH,529,"$21,738",NH,313,"$24,679",NH,21,"$2,343",NH,2,$80,NH,15,"$8,190",NH,8,"$2,075",NH,"1,040","$171,444",NH,1,$600,NH,1,"$1,000",,,,,,,NH,2,"$10,000",NH,27,$898,NH,10,"$2,222",NH,13,"$8,411",NH,6,$405,NH,189,"$29,176",NH,58,"$19,269",NH,239,"$88,318",NH,815,"$58,570",NH,6,"$3,000",,,,,,,,,,,,,NH,4,$825,NH,"1,872","$3,293,710",NH,12,"$35,300",NH,39,"$3,141",NH,23,"$110,727",NH,76,"$3,620",,,,,,,NH,4,"$2,952",,,,NH,144,"$21,359",NH,8,"$4,100",NH,4,"$3,555",NH,216,"$18,875",NH,1,$500,NH,"1,074","$56,201",,,,NH,2,"$4,980",NH,68,"$3,776",,,,NH,34,"$1,609",NH,488,"$23,635",,,
NJ,48,36363,27194572,747.8638176,96%,1.28%,2.01%,NJ,13,$295,NJ,5,"$1,020",NJ,"4,053","$163,355",NJ,"1,504","$94,171",NJ,63,"$87,957",NJ,26,$630,NJ,7,$957,NJ,116,"$79,162",NJ,"5,301","$1,825,512",NJ,107,"$101,026",NJ,11,"$8,975",NJ,6,"$1,560",,,,NJ,5,"$19,000",NJ,174,"$13,671",NJ,263,"$39,315",NJ,98,"$30,847",NJ,66,"$12,647",NJ,151,"$24,656",NJ,542,"$230,558",NJ,145,"$42,028",NJ,"5,386","$210,932",NJ,26,"$18,385",NJ,4,"$3,000.00",NJ,2,"$1,750",NJ,11,"$7,778",NJ,1,"$2,000",NJ,4,"$11,250",NJ,7,"$12,318",NJ,"2,408","$20,377,002",NJ,346,"$47,266",NJ,644,"$2,106,579",NJ,539,"$92,660",NJ,1,"$1,000",NJ,16,"$25,984",NJ,7,"$11,700",NJ,24,"$12,868",NJ,"2,795","$845,807",NJ,31,"$25,150",NJ,28,"$11,278",NJ,826,"$47,703",NJ,5,"$5,000",NJ,"5,694","$273,395",NJ,3,"$6,600",NJ,1,$300,NJ,356,"$88,404",NJ,66,"$6,578.00",NJ,250,"$19,928",NJ,"4,349","$224,734",,,
NM,33,43243,9039117,209.0307564,66%,1.52%,0.67%,,,,NM,1,$10,NM,"1,943","$96,021",NM,534,"$35,931",NM,22,"$1,400",NM,36,"$1,437",,,,,,,NM,932,"$46,320",NM,14,"$2,205",NM,4,$185,,,,,,,,,,NM,106,"$2,263",NM,153,"$11,852",NM,11,"$1,578",NM,13,$967,NM,42,"$2,454",NM,96,"$1,822",NM,5,"$1,470",NM,"1,762","$61,759",NM,12,"$1,500",,,,,,,,,,,,,NM,6,"$1,300",,,,,,,NM,"32,642","$8,475,246",NM,71,"$17,856",NM,119,"$13,944",,,,NM,2,$510,NM,16,"$2,160",NM,9,"$1,400",NM,360,"$28,328",NM,1,$25,NM,7,"$5,643",NM,318,"$26,761",,,,NM,"2,472","$98,088",,,,,,,NM,90,"$8,598",NM,41,"$10,061.00",NM,107,"$6,475",NM,"1,296","$73,548",,,
NV,46,17934,25065241,1397.638062,92%,0.63%,1.86%,NV,1,$5,NV,6,"$1,499",NV,"1,196","$80,870",NV,"1,219","$70,232",NV,60,"$84,979",NV,31,$971,NV,2,$50,NV,2,"$2,400",NV,"2,134","$12,036,409",NV,48,"$1,138,438",NV,14,"$38,100",NV,5,"$6,750",,,,NV,1,$104,NV,166,"$13,234",NV,33,"$14,540",NV,18,"$25,845",NV,16,"$17,644",NV,5,"$2,725",NV,56,"$19,746",NV,22,"$6,203",NV,"1,124","$112,478",NV,9,"$15,325",NV,9,"$18,500.00",NV,4,"$5,850",NV,34,"$32,860",NV,2,"$15,000",NV,"5,377","$9,139,386",NV,2,"$10,000",,,,NV,70,"$43,727",NV,35,"$38,338",NV,61,"$3,867",,,,NV,2,"$5,231",NV,8,"$5,927",NV,3,"$6,250",NV,222,"$35,374",NV,10,"$8,510",NV,12,"$6,158",NV,662,"$76,545",NV,1,"$4,300",NV,"4,157","$1,689,610",NV,4,"$118,500",,,,NV,223,"$54,372",NV,29,"$2,724.00",NV,211,"$24,737",NV,629,"$29,578",NV,3,"$3,800"
NY,49,105919,64655979.27,610.4285281,98%,3.73%,4.79%,NY,20,"$41,041",NY,4,"$2,535",NY,"11,437","$879,307",NY,"2,817","$254,865",NY,276,"$259,965",NY,103,"$5,283",NY,203,"$118,718",NY,228,"$108,123",NY,"9,889","$5,371,269",NY,96,"$228,644",NY,111,"$106,366",NY,4,"$10,100",,,,NY,19,"$201,500",NY,495,"$54,976",NY,977,"$242,370",NY,396,"$246,525",NY,62,"$24,309",NY,851,"$258,377",NY,"2,539","$1,656,320",NY,569,"$205,160",NY,"15,196","$1,593,393",NY,262,"$117,971",NY,3,"$1,500.00",NY,8,"$20,850",NY,16,"$10,955",NY,5,"$6,000",NY,22,"$55,775",NY,24,"$60,137",NY,493,"$1,604,351",NY,916,"$379,906",NY,"23,869","$42,806,143",NY,"2,245","$882,394",NY,5,"$4,000",NY,24,"$70,703",NY,21,"$16,045",NY,121,"$327,793",NY,"5,647","$3,558,585",NY,102,"$63,825",NY,57,"$24,329",NY,"1,558","$193,890",NY,13,"$52,204",NY,"10,638","$469,034",NY,10,"$150,721",NY,5,"$1,600",NY,856,"$263,466",NY,112,"$45,948.27",NY,502,"$31,687",NY,"12,519","$1,787,112",NY,5,"$6,750"
OH,45,42070,26884293.81,639.0371716,90%,1.48%,1.99%,OH,15,"$55,093",,,,OH,"1,938","$69,841",OH,"2,198","$160,682",OH,37,"$73,783",OH,8,$165,,,,OH,8,"$6,100",OH,"5,890","$969,781",OH,93,"$272,938",OH,6,"$11,125",OH,5,"$3,276",,,,OH,30,"$115,612",OH,299,"$50,194",OH,191,"$33,884",OH,464,"$301,470",OH,66,"$24,197",OH,62,"$15,055",OH,201,"$92,000",OH,46,"$2,400",OH,"4,809","$319,929",OH,42,"$10,780",OH,17,"$88,010.00",OH,9,"$8,856",OH,2,"$1,000",,,,OH,17,"$28,954",OH,4,"$12,033",OH,4,"$9,900",OH,247,"$16,145",OH,95,"$33,942",OH,257,"$29,219",OH,9,"$56,000",OH,"12,261","$22,882,964",OH,8,"$10,453",OH,7,"$8,940",OH,772,"$151,258",OH,20,$689,OH,27,"$29,843",OH,"1,347","$111,712",OH,3,"$5,700",OH,"7,117","$306,982",OH,7,"$33,500",,,,OH,380,"$209,227",OH,25,"$131,208.81",OH,478,"$48,494",OH,"2,554","$85,059",OH,3,"$2,000"
OK,41,22125,12732576,575.483661,82%,0.78%,0.94%,,,,,,,OK,467,"$26,787",OK,"1,214","$171,408",OK,5,"$10,110",OK,13,$372,OK,1,$52,OK,40,"$1,087",OK,"1,522","$101,456",OK,27,"$40,826",OK,1,"$6,000",,,,,,,OK,4,"$5,165",OK,182,"$5,297",OK,101,"$24,565",OK,20,"$20,535",OK,20,"$16,450",OK,13,"$3,375",OK,41,$881,OK,17,"$3,317",OK,717,"$273,082",OK,26,"$9,875",,,,OK,3,"$7,100",OK,3,"$3,360",,,,,,,OK,2,"$1,052",,,,OK,81,"$60,650",OK,20,"$12,771",OK,51,"$4,342",OK,11,"$55,500",OK,1,"$2,603",OK,"11,274","$10,596,315",OK,7,"$101,350",OK,200,"$122,780",OK,2,"$1,004",OK,12,"$14,053",OK,663,"$65,898",OK,1,$250,OK,"4,399","$795,693",OK,1,"$10,000",,,,OK,121,"$36,186",OK,33,"$24,900.00",OK,283,"$17,814",OK,563,"$58,454",OK,4,"$21,000"
OR,43,35701,16338302.22,457.6427052,86%,1.26%,1.21%,OR,1,$25,OR,2,$115,OR,"4,459","$170,991",OR,"1,373","$73,665",OR,126,"$38,755",OR,23,"$1,190",OR,2,"$3,000",OR,11,"$2,300",OR,"2,222","$258,428",OR,16,"$6,656",OR,14,"$8,265",OR,16,"$45,225",,,,OR,4,$289,OR,135,"$5,097",OR,272,"$37,791",OR,15,"$8,726",OR,37,"$1,224",OR,151,"$10,588",OR,124,"$8,731",OR,14,"$1,486",OR,"3,848","$157,625",OR,58,"$9,615",,,,OR,1,$250,OR,2,$200,,,,OR,11,"$33,104",OR,2,"$1,037",,,,OR,244,"$26,959",OR,132,"$11,929",OR,244,"$5,897",OR,2,"$7,000",OR,2,$35,,,,OR,"12,014","$14,855,923",OR,975,"$78,726",OR,1,$5,OR,6,"$10,125",OR,"1,035","$71,992",,,,OR,"4,060","$131,925",OR,6,"$62,500",,,,OR,152,"$21,048",OR,253,"$41,659.22",OR,292,"$12,544",OR,"3,352","$115,257",OR,5,"$5,700"
PA,47,111146,39495228.24,355.3454757,94%,3.91%,2.92%,PA,6,"$7,572",PA,3,$270,PA,"3,914","$189,101",PA,"2,814","$174,508",PA,57,"$121,375",PA,23,$786,PA,8,"$1,010",PA,568,"$284,292",PA,"7,257","$1,758,159",PA,84,"$134,302",PA,37,"$27,350",PA,2,"$10,000",,,,PA,5,"$32,000",PA,334,"$11,850",PA,314,"$78,014",PA,95,"$56,367",PA,65,"$28,089",PA,157,"$37,540",PA,916,"$255,613",PA,73,"$23,188",PA,"5,543","$413,173",PA,61,"$16,220",PA,11,"$38,300.00",PA,2,"$2,850",PA,16,"$12,587",PA,1,"$2,500",PA,7,"$11,640",PA,11,"$13,449",PA,108,"$295,100",PA,324,"$87,191",PA,251,"$559,074",PA,575,"$129,594",,,,PA,40,"$127,959",PA,13,$35,PA,44,"$23,241",PA,"72,713","$33,577,354",PA,16,"$7,372",PA,48,"$24,443",PA,"1,523","$135,913",PA,4,"$15,100",PA,"8,480","$422,010",PA,13,"$112,000",,,,PA,664,"$289,489",PA,27,"$14,872.24",PA,549,"$33,534",PA,"3,942","$181,294",PA,4,"$2,850"
RI,39,7376,2559409,346.9914588,78%,0.26%,0.19%,,,,,,,RI,426,"$18,168",RI,160,"$8,528",RI,3,"$25,125",RI,5,$242,RI,6,"$2,319",RI,9,"$4,128",RI,473,"$62,498",RI,5,"$15,100",,,,,,,,,,,,,RI,14,$172,RI,38,"$5,584",RI,31,"$18,850",RI,4,$74,RI,84,"$14,002",RI,27,"$6,555",RI,177,"$77,649",RI,512,"$37,530",RI,4,"$1,100",,,,RI,1,$250,,,,RI,1,"$10,000",RI,3,"$12,500",RI,9,"$16,225",RI,2,"$7,800",RI,36,"$33,000",RI,33,"$59,503",RI,58,"$17,566",,,,,,,,,,RI,3,$350,RI,195,"$33,637",RI,"3,995","$1,998,582",RI,7,"$3,590",RI,120,"$2,875",RI,1,"$1,000",RI,494,"$19,647",RI,2,"$6,500",RI,1,"$1,000",RI,57,"$5,013",RI,3,$850.00,RI,20,"$1,996",RI,371,"$36,333",RI,1,$15
SC,43,32838,8498684,258.8063828,86%,1.16%,0.63%,SC,4,"$6,006",SC,1,$104,SC,796,"$34,470",SC,"1,068","$117,799",SC,43,$940,SC,10,$451,,,,SC,10,"$10,350",SC,"2,944","$1,156,634",SC,113,"$247,598",SC,1,"$1,000",SC,2,"$10,000",,,,SC,3,"$20,250",SC,199,"$4,400",SC,88,"$5,216",SC,45,"$15,645",SC,44,"$53,368",SC,36,"$7,800",SC,126,"$41,981",SC,4,"$3,015",SC,"1,134","$48,152",SC,34,"$7,613",SC,7,"$31,250.00",,,,SC,4,$113,,,,SC,30,"$8,351",SC,6,"$15,854",SC,2,"$3,500",SC,55,"$5,995",SC,28,"$50,922",SC,432,"$115,444",SC,1,"$5,000",SC,6,"$7,500",SC,1,$100,SC,3,"$2,450",SC,244,"$42,816",SC,8,"$6,250",SC,"19,246","$6,022,107",SC,709,"$55,586",SC,11,"$6,000",SC,"4,123","$142,477",,,,,,,SC,354,"$125,748",SC,14,"$1,770.00",SC,214,"$22,426",SC,645,"$44,583",,,
SD,37,17992,6332183,351.9443642,74%,0.63%,0.47%,,,,,,,SD,305,"$8,930",SD,233,"$14,915",SD,6,$185,SD,3,$147,,,,,,,SD,387,"$36,483",SD,1,"$7,600",,,,SD,2,$600,,,,SD,2,"$30,000",SD,110,"$282,785",SD,28,"$4,898",SD,2,$35,SD,2,$40,SD,6,$340,SD,25,$342,SD,4,$60,SD,235,"$14,760",SD,25,"$24,110",,,,SD,2,"$5,200",SD,16,"$8,004",SD,6,"$58,000",,,,,,,SD,2,"$9,800",SD,16,$370,SD,15,$500,SD,6,$95,SD,6,"$15,500",SD,2,"$13,754",SD,1,"$1,000",SD,5,$460,SD,76,"$107,002",,,,SD,2,$125,SD,"15,292","$5,635,035",,,,SD,901,"$32,724",,,,,,,SD,43,"$2,263",SD,21,$136.00,SD,38,"$2,814",SD,164,"$8,171",SD,2,"$5,000"
TN,48,21508,11579904,538.3998512,96%,0.76%,0.86%,TN,19,"$137,789",TN,3,$100,TN,"1,062","$46,110",TN,"1,953","$402,790",TN,20,"$120,760",TN,10,$556,TN,1,$50,TN,3,"$1,500",TN,"4,020","$2,140,535",TN,126,"$441,116",TN,7,"$15,500",TN,9,"$37,000",,,,TN,7,"$45,450",TN,230,"$194,085",TN,63,"$12,276",TN,198,"$162,348",TN,51,"$8,350",TN,73,"$12,307",TN,94,"$14,674",TN,13,"$5,332",TN,"1,322","$105,670",TN,55,"$5,400",TN,84,"$234,880.00",TN,11,"$22,400",TN,21,"$19,590",TN,2,"$2,000",TN,16,"$42,775",TN,17,"$52,583",TN,4,"$15,200",TN,95,"$36,663",TN,41,"$79,067",TN,341,"$61,467",,,,TN,16,"$58,126",TN,16,"$36,850",TN,20,"$18,498",TN,388,"$42,991",TN,3,"$2,000",TN,30,"$45,516",TN,677,"$59,862",TN,"2,664","$5,964,209",TN,"5,552","$417,105",TN,4,"$20,104",TN,1,$200,TN,514,"$342,002",TN,9,"$2,165.00",TN,352,"$26,413",TN,"1,294","$59,090",TN,1,"$10,000"
TX,48,362531,152008265,419.2972876,96%,12.77%,11.25%,TX,14,"$37,931",TX,137,"$663,201",TX,"5,869","$292,013",TX,"7,362","$1,295,438",TX,180,"$389,949",TX,67,"$2,433",TX,2,$10,TX,49,"$12,968",TX,"12,470","$3,999,494",TX,205,"$1,067,702",TX,43,"$50,283",TX,10,"$18,750",,,,TX,80,"$337,961",TX,"1,088","$138,671",TX,493,"$116,599",TX,204,"$93,495",TX,590,"$839,373",TX,178,"$37,016",TX,477,"$102,828",TX,89,"$30,507",TX,"6,217","$563,410",TX,79,"$42,025",TX,74,"$575,404.48",,,,TX,73,"$61,676",TX,11,"$20,500",TX,46,"$41,101",TX,24,"$56,249",TX,36,"$77,800",TX,"1,223","$940,009",TX,192,"$370,525",TX,685,"$76,223",TX,26,"$116,965",TX,49,"$101,995",TX,282,"$511,541",TX,54,"$68,585",TX,"1,542","$201,398",TX,11,"$5,460",TX,80,"$84,175",TX,"3,691","$856,162",TX,48,"$154,350",TX,"309,847","$135,621,971",TX,26,"$60,011",TX,2,"$6,480",TX,"1,927","$1,449,856",TX,88,"$34,258.50",TX,"1,776","$133,910",TX,"4,845","$218,831",TX,21,"$43,750"
UT,45,10814,7695588,711.6319586,90%,0.38%,0.57%,UT,1,$16,UT,13,"$12,227",UT,732,"$35,588",UT,479,"$24,376",UT,12,"$139,900",UT,10,$299,,,,UT,9,"$2,250",UT,"1,828","$902,129",UT,10,"$23,000",UT,20,"$41,342",UT,30,"$126,750",,,,UT,2,"$25,000",UT,104,"$2,517",UT,42,"$6,953",UT,2,$200,UT,8,"$1,005",UT,29,"$2,028",UT,31,"$8,349",UT,8,"$3,584",UT,643,"$42,446",UT,19,"$2,050",UT,3,"$15,000.00",UT,1,$300,UT,1,$150,UT,3,"$20,000",UT,9,"$9,469",UT,2,"$2,000",UT,1,"$1,000",UT,58,"$86,175",UT,7,"$47,196",UT,59,"$23,714",UT,1,"$2,000",UT,4,"$373,740",UT,2,"$1,000",UT,10,"$1,175",UT,210,"$23,455",,,,,,,UT,468,"$23,310",UT,10,"$22,200",UT,"2,797","$93,474",UT,"2,244","$5,488,912",,,,UT,122,"$27,054",UT,9,"$1,145.00",UT,180,"$5,750",UT,589,"$27,110",UT,1,$500
VA,49,81789,61352880.86,750.1360924,98%,2.88%,4.54%,VA,13,"$50,077",VA,4,"$3,570",VA,"3,789","$168,828",VA,"2,094","$275,742",VA,57,"$108,605",VA,46,"$1,736",VA,11,"$8,305",VA,48,"$22,522",VA,"5,449","$1,926,489",VA,130,"$534,225",VA,52,"$58,335",VA,8,"$11,502",,,,VA,23,"$312,310",VA,315,"$38,171",VA,325,"$77,774",VA,145,"$87,824",VA,74,"$69,105",VA,187,"$36,088",VA,"1,166","$568,956",VA,121,"$48,165",VA,"4,403","$281,278",VA,88,"$34,843",VA,19,"$46,750.00",VA,8,"$5,577",VA,6,"$4,517",VA,10,"$66,000",VA,12,"$23,773",VA,83,"$103,966",VA,38,"$88,400",VA,296,"$82,427",VA,257,"$266,090",VA,"1,009","$206,525",VA,10,"$21,000",VA,179,"$6,199,998",VA,20,"$28,000",VA,30,"$13,528",VA,"1,658","$540,227",VA,16,"$8,659",VA,70,"$99,427",VA,"1,246","$159,194",VA,25,"$60,850",VA,"7,315","$441,464",VA,26,"$197,381",VA,1,"$2,000",VA,"46,758","$47,627,640",VA,26,"$14,231.86",VA,507,"$72,969",VA,"3,666","$262,664",VA,9,"$16,000"
VT,27,3997,541688,135.5236427,54%,0.14%,0.04%,,,,,,,VT,626,"$26,027",VT,96,"$9,470",VT,4,$200,VT,10,$579,VT,3,$211,,,,VT,312,"$19,303",,,,,,,,,,,,,,,,VT,21,$189,VT,19,"$1,660",,,,,,,VT,74,"$18,340",VT,42,"$2,033",VT,34,"$7,266",VT,660,"$26,615",VT,1,$500,,,,,,,,,,,,,,,,VT,6,"$9,577",,,,VT,44,"$16,852",VT,22,"$37,138",VT,58,"$3,195",,,,VT,1,$25,,,,VT,9,"$2,769",VT,137,"$18,179",,,,,,,VT,104,"$9,734",,,,VT,512,"$16,247",,,,VT,372,"$264,320",VT,20,"$1,184",VT,9,"$1,350.00",VT,11,$187,VT,793,"$48,749",,,
WA,46,107161,16233099.5,151.4832775,92%,3.77%,1.20%,WA,8,"$8,170",WA,36,"$34,316",WA,"7,294","$430,586",WA,"2,342","$210,865",WA,249,"$184,825",WA,46,"$2,111",WA,6,$106,WA,9,"$3,525",WA,"4,274","$290,000",WA,30,"$39,517",WA,58,"$50,175",WA,59,"$103,170",,,,WA,3,"$2,400",WA,294,"$6,916",WA,488,"$90,719",WA,43,"$8,926",WA,54,"$6,985",WA,122,"$28,233",WA,283,"$47,405",WA,54,"$7,634",WA,"6,360","$674,219",WA,90,"$37,277",WA,3,"$3,000.00",WA,3,"$5,800",WA,33,"$34,100",,,,WA,7,"$22,125",WA,4,"$5,955",WA,5,"$11,300",WA,585,"$126,898",WA,147,"$43,351",WA,434,"$52,772",WA,2,"$11,000",WA,3,"$4,604",WA,18,"$6,240",WA,259,"$1,171,315",WA,"1,719","$556,897",WA,2,$35,WA,14,"$7,408",WA,"1,789","$111,938",,,,WA,"6,971","$246,888",,,,WA,1,"$1,000",WA,283,"$153,092",WA,66212,"$10,949,238.50",WA,409,"$20,413",WA,"6,069","$422,781",WA,2,$500
WI,40,172185,34793216,202.0687981,80%,6.06%,2.58%,WI,1,$11,,,,WI,"1,250","$45,700",WI,"1,133","$115,941",WI,19,"$11,170",WI,23,$818,WI,3,$25,WI,2,"$1,325",WI,"2,821","$596,815",WI,16,"$26,704",WI,1,"$6,000",,,,,,,WI,9,"$573,500",WI,138,"$110,846",WI,107,"$7,135",WI,56,"$7,876",WI,33,"$2,085",WI,50,"$3,570",WI,97,"$10,732",WI,8,"$2,076",WI,"3,504","$230,770",WI,163,"$24,682",,,,,,,,,,WI,3,"$105,000",WI,3,"$4,250",WI,1,$500,WI,2,"$4,000",WI,120,"$21,658",WI,44,"$32,786",WI,164,"$6,998",WI,11,"$36,760",WI,3,"$5,525",,,,WI,10,"$1,863",WI,381,"$144,834",WI,3,$510,WI,3,$85,WI,757,"$81,539",,,,WI,"3,473","$256,110",,,,WI,1,"$1,000",WI,190,"$30,989",WI,2,$700.00,WI,227,"$8,513",WI,"157,358","$32,273,165",,,
WV,31,4354,457701,105.1219568,62%,0.15%,0.03%,WV,3,$71,,,,WV,202,"$12,536",WV,292,"$16,181",WV,1,$50,WV,1,$100,WV,1,$5,,,,WV,594,"$104,706",WV,7,"$1,292",,,,,,,,,,,,,WV,49,$871,WV,10,"$3,010",WV,43,"$56,199",WV,3,$45,WV,9,"$1,550",WV,45,"$9,318",WV,6,$96,WV,339,"$13,140",,,,,,,,,,,,,,,,,,,,,,,,,WV,17,$521,WV,6,$164,WV,41,$896,WV,1,"$5,000",WV,32,"$65,178",,,,WV,3,$725,WV,78,"$16,574",,,,WV,3,"$3,500",WV,163,"$14,377",,,,WV,905,"$28,605",WV,1,"$1,042",,,,WV,61,"$17,285",,,,WV,1223,"$76,281.00",WV,211,"$7,713",WV,5,$675
WY,41,4521,7207550,1594.238,82%,0.16%,0.53%,,,,WY,2,"$1,250",WY,117,"$15,826",WY,206,"$45,542",WY,2,$200,WY,5,$302,WY,6,"$3,800",WY,1,$500,WY,487,"$390,275",WY,9,"$5,508,586",WY,6,"$10,150",WY,3,"$3,700",,,,WY,1,"$2,500",,,,WY,6,"$1,762",WY,4,"$2,650",WY,9,"$5,265",WY,2,$500,WY,5,$147,,,,WY,199,"$21,270",WY,2,"$8,000",,,,,,,WY,13,"$13,200",WY,1,"$5,000",WY,4,"$8,940",WY,2,"$10,000",,,,WY,12,$560,WY,7,"$8,655",WY,4,$120,WY,4,"$7,000",WY,1,"$10,000",WY,2,"$5,800",WY,2,"$1,250",WY,64,"$6,035",WY,1,$5,WY,1,$25,WY,582,"$80,003",,,,WY,922,"$50,789",WY,5,"$111,000",,,,WY,63,"$50,470",WY,1,$250.00,WY,66,"$2,902",WY,139,"$24,543",WY,"1,560","$793,078"
Totals,,"2,840,023","$1,350,612,986.66",,,,,,,,,,,,,,,,,,,,,,,,,,,,,,,,,,,,,,,,,,,,,,,,,,,,,,,,,,,,,,,,,,,,,,,,,,,,,,,,,,,,,,,,,,,,,,,,,,,,,,,,,,,,,,,,,,,,,,,,,,,,,,,,,,,,,,,,,,,,,,,,,,,,,,,,,,
Averages,42,"55,687","$26,482,607.58",$475.56,,,,,,,,,,,,,,,,,,,,,,,,,,,,,,,,,,,,,,,,,,,,,,,,,,,,,,,,,,,,,,,,,,,,,,,,,,,,,,,,,,,,,,,,,,,,,,,,,,,,,,,,,,,,,,,,,,,,,,,,,,,,,,,,,,,,,,,,,,,,,,,,,,,,,,,,,
,,,,,,,,,,,,,,,,,,,,,,,,,,,,,,,,,,,,,,,,,,,,,,,,,,,,,,,,,,,,,,,,,,,,,,,,,,,,,,,,,,,,,,,,,,,,,,,,,,,,,,,,,,,,,,,,,,,,,,,,,,,,,,,,,,,,,,,,,,,,,,,,,,,,,,,,,,,,,
,,,,,,,,,,,,,,,,,,,,,,,,,,,,,,,,,,,,,,,,,,,,,,,,,,,,,,,,,,,,,,,,,,,,,,,,,,,,,,,,,,,,,,,,,,,,,,,,,,,,,,,,,,,,,,,,,,,,,,,,,,,,,,,,,,,,,,,,,,,,,,,,,,,,,,,,,,,,,
,,,,,,,,,,,,,,,,,,,,,,,,,,,,,,,,,,,,,,,,,,,,,,,,,,,,,,,,,,,,,,,,,,,,,,,,,,,,,,,,,,,,,,,,,,,,,,,,,,,,,,,,,,,,,,,,,,,,,,,,,,,,,,,,,,,,,,,,,,,,,,,,,,,,,,,,,,,,,
,,,,,,,,,,,,,,,,,,,,,,,,,,,,,,,,,,,,,,,,,,,,,,,,,,,,,,,,,,,,,,,,,,,,,,,,,,,,,,,,,,,,,,,,,,,,,,,,,,,,,,,,,,,,,,,,,,,,,,,,,,,,,,,,,,,,,,,,,,,,,,,,,,,,,,,,,,,,,
,,,,,,,,,,,,,,,,,,,,,,,,,,,,,,,,,,,,,,,,,,,,,,,,,,,,,,,,,,,,,,,,,,,,,,,,,,,,,,,,,,,,,,,,,,,,,,,,,,,,,,,,,,,,,,,,,,,,,,,,,,,,,,,,,,,,,,,,,,,,,,,,,,,,,,,,,,,,,
,,,,,,,,,,,,,,,,,,,,,,,,,,,,,,,,,,,,,,,,,,,,,,,,,,,,,,,,,,,,,,,,,,,,,,,,,,,,,,,,,,,,,,,,,,,,,,,,,,,,,,,,,,,,,,,,,,,,,,,,,,,,,,,,,,,,,,,,,,,,,,,,,,,,,,,,,,,,,
,,,,,,,,,,,,,,,,,,,,,,,,,,,,,,,,,,,,,,,,,,,,,,,,,,,,,,,,,,,,,,,,,,,,,,,,,,,,,,,,,,,,,,,,,,,,,,,,,,,,,,,,,,,,,,,,,,,,,,,,,,,,,,,,,,,,,,,,,,,,,,,,,,,,,,,,,,,,,
# of States + DC,Total Records,Total $,,,,,,# of States,Total Records,Total $,# of States,Total Records,Total $,# of States,Total Records,Total $,# of States,Total Records,Total $,# of States,Total Records,Total $,# of States,Total Records,Total $,# of States,Total Records,Total $,# of States,Total Records,Total $,# of States,Total Records,Total $,# of States,Total Records,Total $,# of States,Total Records,Total $,# of States,Total Records,Total $,# of States,Total Records,Total $,# of States,Total Records,Total $,# of States,Total Records,Total $,# of States,Total Records,Total $,# of States,Total Records,Total $,# of States,Total Records,Total $,# of States,Total Records,Total $,# of States,Total Records,Total $,# of States,Total Records,Total $,# of States,Total Records,Total $,# of States,Total Records,Total $,# of States,Total Records,Total $,# of States,Total Records,Total $,# of States,Total Records,Total $,# of States,Total Records,Total $,# of States,Total Records,Total $,# of States,Total Records,Total $,# of States,Total Records,Total $,# of States,Total Records,Total $,# of States,Total Records,Total $,# of States,Total Records,Total $,# of States,Total Records,Total $,# of States,Total Records,Total $,# of States,Total Records,Total $,# of States,Total Records,Total $,# of States,Total Records,Total $,# of States,Total Records,Total $,# of States,Total Records,Total $,# of States,Total Records,Total $,# of States,Total Records,Total $,# of States,Total Records,Total $,# of States,Total Records,Total $,# of States,Total Records,Total $,# of States,Total Records,Total $,# of States,Total Records,Total $,# of States,Total Records,Total $,# of States,Total Records,Total $,# of States,Total Records,Total $
43.22,57021,"$27,159,626",,,,,,37,1789,"$10,921,101",34,"5,348","$2,757,882.00",51,188656,"$15,764,905.00",51,96303,"$20,092,906.00",51,28266,"$22,955,421.00",49,13581,"$13,160,043.00",33,4908,"$3,797,731.00",37,6119,"$3,570,574.00",51,374447,"$210,509,785.00",47,29571,"$85,022,405.00",42,3533,"$4,033,898.00",38,5031,"$2,375,265.00",3,76,"$159,250,934.00",43,4556,"$18,760,056.00",50,39415,"$11,904,704.00",51,50233,"$7,788,376.00",50,34123,"$23,840,123.00",50,17549,"$16,181,693.00",51,33066,"$5,478,504.00",51,41487,"$14,367,826.00",50,29018,"$7,974,442.00",51,347274,"$37,507,269.00",48,34322,"$8,099,014.00",35,4358,"$13,237,772.43",33,7367,"$5,692,603.00",40,6128,"$3,189,000.00",33,1984,"$11,518,612.00",44,6139,"$10,594,043.00",37,2669,"$7,851,687.00",36,3603,"$23,950,979.00",51,44974,"$13,733,806.00",51,29706,"$54,620,341.00",51,102837,"$38,999,927.00",35,644,"$3,693,535.00",45,13293,"$31,778,290.00",40,12136,"$11,829,610.00",48,13643,"$29,266,602.00",51,117623,"$68,051,561.00",39,5004,"$2,548,131.00",47,20896,"$7,739,849.00",51,62005,"$14,258,496.00",35,3109,"$7,100,213.00",51,"550,880","$158,359,425.00",35,2523,"$7,438,596.00",21,420,"$311,290.00",51,64814,"$67,346,533.00",45,67918,"$11,642,806.23",51,16274,"$1,162,230.00",51,299693,"$44,924,818.00",35,1739,"$1,025,679.00"
,,,,,,,,,,,,,,,,,,,,,,,,,,,,,,,,,,,,,,,,,,,,,,,,,,,,,,,,,,,,,,,,,,,,,,,,,,,,,,,,,,,,,,,,,,,,,,,,,,,,,,,,,,,,,,,,,,,,,,,,,,,,,,,,,,,,,,,,,,,,,,,,,,,,,,,,,,,,,
,,,,,,,,,% of Records,% of $,,% of Records,% of $,,% of Records,% of $,,% of Records,% of $,,% of Records,% of $,,% of Records,% of $,,% of Records,% of $,,% of Records,% of $,,% of Records,% of $,,% of Records,% of $,,% of Records,% of $,,% of Records,% of $,,% of Records,% of $,,% of Records,% of $,,% of Records,% of $,,% of Records,% of $,,% of Records,% of $,,% of Records,% of $,,% of Records,% of $,,% of Records,% of $,,% of Records,% of $,,% of Records,% of $,,% of Records,% of $,,% of Records,% of $,,% of Records,% of $,,% of Records,% of $,,% of Records,% of $,,% of Records,% of $,,% of Records,% of $,,% of Records,% of $,,% of Records,% of $,,% of Records,% of $,,% of Records,% of $,,% of Records,% of $,,% of Records,% of $,,% of Records,% of $,,% of Records,% of $,,% of Records,% of $,,% of Records,% of $,,% of Records,% of $,,% of Records,% of $,,% of Records,% of $,,% of Records,% of $,,% of Records,% of $,,% of Records,% of $,,% of Records,% of $,,% of Records,% of $,,% of Records,% of $,,% of Records,% of $,,% of Records,% of $
AK,,,,,,,,AL,84.57%,75.22%,AK,94.37%,68.50%,AZ,26.85%,49.35%,AR,21.61%,56.43%,CA,91.06%,84.47%,CO,89.54%,99.57%,CT,89.59%,93.74%,DE,68.57%,74.62%,FL,57.72%,58.74%,GA,90.40%,70.28%,HI,76.11%,71.65%,ID,93.60%,70.12%,IL,88.16%,99.97%,IN,87.71%,67.09%,IA,70.78%,80.23%,KS,76.34%,65.90%,KY,85.24%,87.55%,LA,85.51%,87.79%,ME,78.85%,71.27%,MD,64.61%,58.09%,MA,88.94%,86.69%,MI,53.64%,60.87%,MN,92.05%,87.97%,MS,86.16%,69.16%,MO,93.67%,89.34%,MT,88.45%,83.69%,NE,89.21%,90.27%,NV,87.59%,86.27%,NH,70.14%,41.95%,NJ,66.83%,85.08%,NM,72.58%,61.71%,NY,80.35%,78.37%,NC,83.11%,89.58%,ND,71.27%,77.81%,OH,92.24%,72.01%,OK,92.90%,89.57%,OR,88.06%,50.76%,PA,61.82%,49.34%,RI,79.84%,78.43%,SC,92.10%,77.81%,SD,24.66%,39.52%,TN,85.69%,84.00%,TX,56.25%,85.64%,UT,88.94%,73.79%,VT,88.57%,84.91%,VA,72.14%,70.72%,WA,97.49%,94.04%,TX,10.91%,11.52%,WI,52.51%,71.84%,WY,89.71%,77.32%
AL,,,,,,,,DC,0.45%,18.56%,TX,2.56%,24.05%,CA,20.64%,15.93%,TX,7.64%,6.45%,TX,0.64%,1.70%,CA,2.33%,0.11%,NY,4.14%,3.13%,PA,9.28%,7.96%,DC,0.10%,11.49%,DC,0.34%,13.07%,CA,6.54%,7.81%,UT,0.60%,5.34%,DC,10.53%,0.02%,DC,0.53%,8.46%,SD,0.28%,2.38%,CA,4.37%,5.69%,FL,1.01%,1.27%,TX,3.36%,5.19%,MA,3.81%,4.89%,NY,6.12%,11.53%,NY,1.96%,2.57%,CA,9.45%,9.86%,CA,1.34%,2.23%,DC,0.73%,8.27%,KS,2.76%,4.25%,CA,1.94%,2.26%,IL,0.76%,1.06%,CA,4.07%,4.77%,DC,1.84%,35.77%,NY,13.68%,6.70%,TX,2.72%,6.84%,FL,1.88%,3.89%,NY,2.18%,2.26%,DC,2.17%,3.48%,VA,1.35%,19.51%,TX,2.32%,4.32%,DC,0.92%,33.47%,DC,0.80%,20.14%,MA,9.79%,10.36%,GA,0.89%,5.03%,DC,0.11%,20.62%,FL,2.22%,2.25%,CA,6.02%,2.86%,DC,1.27%,4.85%,FL,3.33%,2.25%,DC,0.48%,16.93%,CA,0.57%,1.33%,FL,10.05%,11.32%,CA,9.38%,6.28%,TX,1.21%,4.27%
AR,,,,,,,,TN,1.06%,1.26%,MN,0.02%,3.63%,NY,6.06%,5.58%,FL,7.09%,5.80%,FL,0.70%,1.58%,NY,0.76%,0.04%,FL,0.92%,0.74%,NY,3.73%,3.03%,NV,0.57%,5.72%,WY,0.03%,6.48%,NY,3.14%,2.64%,WA,1.17%,4.34%,MO,1.32%,0.00%,IL,1.98%,7.83%,FL,2.86%,2.18%,MO,2.03%,5.11%,OH,1.36%,1.26%,MS,0.48%,0.89%,NY,2.57%,4.72%,DC,3.49%,6.37%,FL,0.76%,1.25%,NY,4.38%,4.25%,NY,0.76%,1.46%,LA,2.87%,6.65%,FL,0.65%,1.76%,FL,1.63%,2.11%,IA,1.01%,1.03%,FL,1.58%,2.16%,MA,10.49%,8.46%,FL,2.91%,1.28%,CA,6.45%,6.51%,NJ,2.17%,3.86%,CA,2.72%,1.81%,TX,4.04%,3.17%,UT,0.03%,1.18%,FL,0.71%,1.19%,CA,3.42%,7.15%,CA,8.13%,12.14%,NY,2.04%,2.50%,NC,1.02%,3.55%,TX,5.95%,6.00%,TX,1.54%,2.17%,DC,0.07%,2.74%,CA,1.27%,3.11%,TX,0.48%,2.08%,TX,2.97%,2.15%,OH,0.04%,1.13%,CA,10.86%,10.22%,NY,4.18%,3.98%,DC,0.86%,3.46%
AZ,,,,,,,,GA,1.12%,1.24%,WA,0.67%,1.24%,MA,3.11%,2.96%,CA,10.37%,3.96%,DC,0.20%,1.42%,MA,0.43%,0.02%,MA,1.41%,0.52%,MD,2.70%,2.56%,IL,1.70%,3.59%,FL,1.30%,1.61%,VA,1.47%,1.45%,CO,0.87%,2.95%,AK,0.00%,0.00%,WI,0.20%,3.06%,IL,0.99%,1.84%,DC,0.94%,3.18%,NY,1.16%,1.03%,FL,0.74%,0.63%,CA,3.21%,4.33%,CA,4.45%,5.22%,DC,0.97%,1.21%,IL,2.72%,2.81%,DC,0.50%,1.25%,TX,1.70%,4.35%,IL,0.95%,1.11%,TX,1.19%,1.93%,WI,0.15%,0.91%,AZ,0.80%,0.60%,FL,4.38%,3.69%,CA,2.44%,1.26%,DC,0.51%,4.32%,CA,3.45%,2.78%,FL,1.19%,0.93%,MN,4.81%,2.66%,DC,1.02%,1.15%,AR,0.59%,0.88%,WA,1.90%,4.00%,NY,4.80%,5.23%,FL,1.76%,2.22%,FL,1.02%,2.72%,FL,5.96%,4.23%,DC,0.64%,1.11%,FL,4.68%,1.58%,VA,1.03%,2.65%,DC,0.71%,2.01%,FL,3.87%,2.15%,NY,0.16%,0.39%,WV,7.52%,6.56%,DC,0.60%,3.26%,CO,1.61%,2.08%
CA,,,,,,,,MS,0.50%,0.66%,FL,0.32%,0.57%,WA,3.87%,2.73%,TN,2.03%,2.00%,NY,0.98%,1.13%,DC,0.38%,0.02%,CA,1.22%,0.48%,NJ,1.90%,2.22%,CA,5.41%,3.14%,NV,0.16%,1.34%,DC,1.10%,1.42%,AZ,0.40%,2.54%,AL,0.00%,0.00%,FL,1.32%,2.36%,TN,0.58%,1.63%,NY,1.94%,3.11%,CA,1.37%,0.80%,CA,1.37%,0.49%,DC,1.06%,2.83%,VA,2.81%,3.96%,NH,0.82%,1.11%,DC,0.53%,2.07%,FL,0.52%,0.93%,FL,0.92%,2.22%,CA,0.33%,0.77%,WA,0.54%,1.07%,IN,0.10%,0.88%,NY,0.36%,0.53%,ME,0.82%,1.40%,PA,3.00%,1.23%,NY,2.04%,2.77%,DC,0.96%,2.22%,DC,0.65%,0.65%,CO,0.62%,1.57%,FL,0.85%,1.12%,DC,0.31%,0.64%,NY,0.89%,1.12%,FL,2.22%,2.56%,CT,1.38%,1.17%,MO,0.15%,1.35%,CA,8.84%,3.68%,GA,0.84%,0.97%,NV,0.75%,1.07%,NY,0.40%,2.03%,MO,0.71%,1.60%,CA,3.72%,0.82%,DC,0.09%,0.37%,VA,3.12%,6.28%,IL,4.55%,2.69%,OK,0.23%,2.05%
CO,,,,,,,,FL,1.79%,0.54%,UT,0.24%,0.44%,IL,2.95%,2.11%,MO,1.73%,1.76%,WA,0.88%,0.81%,FL,0.51%,0.02%,DC,0.26%,0.30%,DC,1.94%,1.68%,NY,2.64%,2.55%,TX,0.69%,1.26%,TX,1.22%,1.25%,DC,0.42%,2.47%,AR,0.00%,0.00%,TX,1.76%,1.80%,GA,0.84%,1.33%,CO,0.91%,2.12%,IN,0.85%,0.73%,VA,0.42%,0.43%,FL,1.37%,1.99%,FL,1.82%,2.75%,CT,0.59%,1.06%,MA,1.97%,1.90%,TX,0.23%,0.52%,TN,1.93%,1.77%,TN,0.15%,0.39%,NV,0.55%,1.03%,KS,1.16%,0.79%,IL,0.70%,0.50%,VA,3.11%,1.32%,DC,2.25%,1.06%,CO,1.31%,2.24%,CT,1.08%,1.54%,VA,0.98%,0.53%,OH,1.40%,1.52%,CA,0.55%,0.52%,KS,0.30%,0.63%,MD,0.37%,0.65%,MD,1.88%,1.38%,NJ,0.62%,0.99%,VA,0.33%,1.28%,MN,3.21%,1.66%,MI,0.71%,0.87%,OK,0.80%,0.50%,CO,0.67%,1.93%,NH,0.48%,1.60%,GA,0.78%,0.81%,OR,0.37%,0.36%,OH,2.94%,4.17%,MA,2.19%,1.55%,VA,0.52%,1.56%
CT,,,,,,,,OH,0.84%,0.50%,AZ,0.26%,0.36%,TX,3.11%,1.85%,GA,2.28%,1.55%,AZ,0.27%,0.75%,TX,0.49%,0.02%,VA,0.22%,0.22%,FL,1.13%,1.66%,TX,3.33%,1.90%,VA,0.44%,0.63%,WA,1.64%,1.24%,CA,0.58%,1.96%,AZ,0.00%,0.00%,VA,0.50%,1.66%,TX,2.76%,1.16%,TX,0.98%,1.50%,TN,0.58%,0.68%,AR,0.42%,0.41%,MD,0.79%,1.24%,PA,2.21%,1.78%,RI,0.61%,0.97%,WA,1.83%,1.80%,WA,0.26%,0.46%,AL,1.08%,1.50%,NY,0.11%,0.37%,ND,0.62%,0.92%,VA,0.50%,0.57%,DC,0.39%,0.47%,CA,0.71%,0.78%,IL,0.94%,0.49%,FL,1.03%,1.27%,PA,0.84%,1.02%,CT,0.44%,0.47%,OK,1.71%,1.50%,MI,0.28%,0.51%,CA,0.62%,0.31%,IN,0.04%,0.53%,NJ,2.38%,1.24%,CA,0.70%,0.68%,TX,0.38%,1.09%,MI,2.57%,1.48%,VA,0.80%,0.86%,AZ,1.60%,0.34%,NV,0.16%,1.59%,GA,0.24%,1.44%,IL,0.82%,0.73%,TX,0.13%,0.29%,GA,3.47%,3.69%,MN,2.39%,1.20%,NC,0.46%,1.11%
DC,,,,,,,,VA,0.73%,0.46%,MO,0.04%,0.18%,MD,2.33%,1.79%,LA,1.31%,1.52%,CO,0.34%,0.74%,WA,0.34%,0.02%,NH,0.31%,0.22%,GA,0.82%,0.81%,GA,1.63%,1.10%,IL,0.39%,0.56%,FL,0.57%,1.17%,OR,0.32%,1.90%,CA,0.00%,0.00%,NY,0.42%,1.07%,DC,0.20%,1.10%,MA,1.00%,1.29%,MN,0.46%,0.66%,DC,0.19%,0.38%,PA,0.47%,0.69%,NJ,1.31%,1.60%,CA,1.08%,0.95%,CO,1.02%,1.73%,MD,0.33%,0.45%,MO,0.25%,1.09%,DC,0.22%,0.33%,AZ,0.46%,0.72%,MO,0.91%,0.54%,TN,0.26%,0.40%,NY,0.90%,0.77%,MA,1.33%,0.49%,AZ,0.99%,1.24%,MA,0.89%,0.99%,MD,0.74%,0.40%,WI,1.71%,1.00%,PA,0.30%,0.40%,TN,0.13%,0.31%,MA,0.49%,0.36%,IL,1.45%,1.15%,DC,0.44%,0.54%,DC,0.20%,0.98%,NY,2.51%,1.36%,NC,1.09%,0.76%,IL,1.54%,0.33%,PA,0.52%,1.51%,VA,0.24%,0.64%,CT,0.29%,0.58%,MA,0.06%,0.23%,PA,3.37%,2.89%,MD,1.51%,1.11%,AZ,0.92%,1.00%
DE,,,,,,,,NY,1.12%,0.38%,CO,0.09%,0.14%,CO,1.91%,1.59%,VA,2.17%,1.37%,IL,0.44%,0.68%,IL,0.33%,0.01%,CO,0.16%,0.10%,CA,3.14%,0.79%,TN,1.07%,1.02%,TN,0.43%,0.52%,MO,0.28%,1.07%,TN,0.18%,1.56%,CO,0.00%,0.00%,KY,0.88%,0.94%,MO,0.60%,0.96%,IL,1.15%,1.17%,DC,0.56%,0.65%,AL,0.22%,0.38%,TX,0.54%,0.68%,IL,1.33%,1.42%,VA,0.42%,0.60%,FL,2.68%,1.52%,VA,0.26%,0.43%,CA,0.60%,0.81%,CO,0.12%,0.16%,CO,0.38%,0.62%,AR,0.55%,0.53%,TX,0.75%,0.39%,TX,0.90%,0.72%,VA,1.05%,0.37%,IL,0.84%,1.19%,MD,0.82%,0.76%,GA,0.56%,0.35%,FL,0.62%,0.87%,KY,0.32%,0.38%,MO,0.11%,0.30%,OK,0.05%,0.35%,MA,1.97%,1.03%,AR,0.32%,0.43%,IL,0.25%,0.69%,AZ,2.84%,1.35%,NY,0.42%,0.74%,NY,1.93%,0.30%,WY,0.20%,1.49%,NY,1.19%,0.51%,MD,1.52%,0.56%,OK,0.05%,0.21%,NC,2.14%,2.80%,WA,2.03%,0.94%,TN,0.06%,0.97%
FL,,,,,,,,TX,0.78%,0.35%,VA,0.07%,0.13%,DC,0.92%,1.58%,NC,1.82%,1.34%,GA,0.45%,0.64%,MD,0.40%,0.01%,WY,0.12%,0.10%,MA,1.08%,0.77%,VA,1.46%,0.92%,MO,0.38%,0.46%,MD,0.74%,1.05%,TX,0.20%,0.79%,CT,0.00%,0.00%,MI,0.64%,0.88%,WI,0.35%,0.93%,WA,0.97%,1.16%,MA,0.82%,0.59%,SC,0.25%,0.33%,VA,0.57%,0.66%,CT,1.00%,1.14%,NJ,0.50%,0.53%,TX,1.79%,1.50%,MA,0.33%,0.40%,OH,0.39%,0.66%,IN,0.12%,0.16%,TN,0.34%,0.61%,SD,0.30%,0.50%,KS,0.15%,0.37%,TN,0.64%,0.67%,CT,0.83%,0.34%,MD,0.77%,1.16%,TX,0.65%,0.68%,PA,0.56%,0.33%,AR,0.47%,0.76%,MO,0.14%,0.38%,VA,0.16%,0.24%,MO,0.19%,0.29%,WA,1.46%,0.82%,VA,0.32%,0.34%,CA,0.73%,0.63%,VA,2.01%,1.12%,AL,0.68%,0.72%,VA,1.33%,0.28%,MO,0.79%,0.99%,CA,0.71%,0.40%,TN,0.79%,0.51%,FL,0.08%,0.19%,NY,3.08%,2.73%,FL,2.15%,0.68%,NY,0.29%,0.66%
GA,,,,,,,,AR,0.11%,0.25%,IL,0.09%,0.11%,FL,3.26%,1.53%,NY,2.93%,1.27%,UT,0.04%,0.61%,VA,0.34%,0.01%,OR,0.04%,0.08%,VA,0.78%,0.63%,NJ,1.42%,0.87%,OH,0.31%,0.32%,UT,0.57%,1.02%,MO,0.12%,0.70%,DE,0.00%,0.00%,OH,0.66%,0.62%,MN,0.74%,0.90%,PA,0.63%,1.00%,IL,0.60%,0.49%,CO,0.24%,0.31%,CO,0.28%,0.56%,TX,1.15%,0.72%,MD,0.38%,0.49%,PA,1.60%,1.10%,IL,0.45%,0.37%,AZ,0.14%,0.65%,OH,0.12%,0.16%,IL,0.29%,0.49%,MN,0.71%,0.33%,OR,0.18%,0.31%,CT,0.90%,0.67%,TX,1.00%,0.32%,WA,1.30%,0.92%,VA,0.87%,0.49%,SC,0.42%,0.30%,GA,1.40%,0.71%,TX,0.37%,0.32%,CO,0.17%,0.20%,TX,0.40%,0.23%,VA,1.41%,0.79%,NV,0.20%,0.33%,TN,0.14%,0.59%,IL,2.42%,1.09%,IL,0.96%,0.71%,PA,1.54%,0.27%,OR,0.24%,0.84%,IL,0.24%,0.32%,PA,1.02%,0.43%,MD,0.04%,0.18%,LA,1.15%,2.59%,VA,1.22%,0.58%,CT,0.12%,0.58%
HI,,,,,,,,KS,0.17%,0.11%,GA,0.13%,0.09%,PA,2.07%,1.20%,AZ,2.32%,1.26%,PA,0.20%,0.53%,NM,0.27%,0.01%,ME,0.06%,0.07%,IL,0.56%,0.48%,PA,1.94%,0.84%,CA,0.55%,0.31%,NV,0.40%,0.94%,FL,0.08%,0.57%,FL,0.00%,0.00%,AR,0.04%,0.53%,CA,3.29%,0.72%,VA,0.65%,1.00%,MD,0.59%,0.41%,GA,0.34%,0.30%,CT,0.77%,0.56%,OH,0.48%,0.64%,TX,0.31%,0.38%,MD,1.42%,1.04%,WI,0.47%,0.30%,IN,0.18%,0.44%,AL,0.04%,0.14%,LA,0.29%,0.47%,CA,0.60%,0.31%,OH,0.28%,0.27%,MD,1.27%,0.60%,MD,0.94%,0.19%,MO,0.28%,0.88%,IL,0.62%,0.42%,MA,0.80%,0.24%,CA,0.31%,0.68%,GA,0.14%,0.26%,IL,0.14%,0.14%,CO,0.36%,0.17%,CO,0.62%,0.43%,PA,0.32%,0.29%,OH,0.13%,0.39%,NC,1.58%,1.03%,CA,0.74%,0.69%,TN,1.01%,0.26%,TX,1.03%,0.81%,MD,0.48%,0.32%,MO,0.33%,0.42%,AZ,0.13%,0.13%,CO,1.90%,2.34%,NJ,1.45%,0.50%,OR,0.29%,0.56%
IA,,,,,,,,LA,0.28%,0.10%,NY,0.07%,0.09%,OR,2.36%,1.08%,IL,2.76%,1.17%,TN,0.07%,0.53%,AZ,0.36%,0.01%,RI,0.12%,0.06%,TX,0.80%,0.36%,MI,1.51%,0.79%,SC,0.38%,0.29%,MA,0.59%,0.86%,VA,0.16%,0.48%,GA,0.00%,0.00%,AZ,0.33%,0.40%,NY,1.26%,0.46%,FL,0.78%,0.96%,TX,0.60%,0.39%,MO,0.38%,0.24%,NH,0.57%,0.53%,MA,1.38%,0.62%,PA,0.25%,0.29%,OH,1.38%,0.85%,SD,0.07%,0.30%,MD,0.09%,0.43%,OK,0.04%,0.12%,WY,0.21%,0.41%,FL,0.30%,0.29%,CO,0.13%,0.27%,AZ,0.34%,0.48%,NC,0.47%,0.18%,LA,0.16%,0.87%,CO,0.36%,0.28%,NJ,0.52%,0.24%,VA,1.55%,0.57%,NY,0.18%,0.22%,NY,0.17%,0.14%,IL,0.29%,0.17%,CT,0.79%,0.36%,MD,0.30%,0.27%,LA,0.06%,0.35%,CO,2.29%,1.03%,MO,0.23%,0.55%,MI,1.40%,0.26%,MD,0.44%,0.61%,NC,0.24%,0.32%,NY,1.32%,0.39%,PA,0.04%,0.13%,TN,2.16%,2.27%,CO,1.02%,0.49%,NE,0.17%,0.54%
ID,,,,,,,,IL,0.17%,0.09%,MD,0.07%,0.08%,VA,2.01%,1.07%,WA,2.43%,1.05%,VA,0.20%,0.47%,OR,0.17%,0.01%,MN,0.04%,0.05%,SC,0.16%,0.29%,MA,0.98%,0.67%,AL,0.37%,0.27%,PA,1.05%,0.68%,NY,0.08%,0.43%,HI,0.00%,0.00%,MN,0.24%,0.37%,AR,0.28%,0.44%,MD,0.80%,0.95%,CT,0.30%,0.38%,PA,0.37%,0.17%,WA,0.37%,0.52%,GA,0.85%,0.57%,CO,0.26%,0.26%,VA,1.27%,0.75%,CO,0.16%,0.27%,VA,0.44%,0.35%,CT,0.14%,0.11%,PA,0.26%,0.39%,AZ,0.35%,0.24%,GA,0.23%,0.26%,GA,0.37%,0.41%,NH,0.33%,0.15%,MA,0.90%,0.69%,MO,0.23%,0.23%,TX,0.67%,0.20%,MD,1.09%,0.56%,WV,0.24%,0.21%,KY,0.05%,0.12%,FL,0.21%,0.10%,IN,0.26%,0.34%,SC,0.16%,0.25%,PA,0.23%,0.32%,PA,2.46%,0.95%,MS,0.58%,0.48%,CO,1.14%,0.23%,FL,0.40%,0.55%,RI,0.24%,0.32%,MI,0.50%,0.32%,VA,0.04%,0.12%,NV,1.30%,2.13%,TX,1.62%,0.49%,SD,0.12%,0.49%
IL,,,,,,,,WA,0.45%,0.07%,MI,0.07%,0.06%,NJ,2.15%,1.04%,PA,2.92%,0.87%,MO,0.13%,0.41%,CT,0.15%,0.01%,MD,0.06%,0.04%,AZ,0.21%,0.25%,AZ,1.34%,0.66%,NY,0.32%,0.27%,CO,0.91%,0.59%,AR,0.06%,0.42%,IA,0.00%,0.00%,MO,0.20%,0.33%,OH,0.76%,0.42%,MN,0.33%,0.56%,VA,0.42%,0.37%,NY,0.35%,0.15%,NJ,0.46%,0.45%,NC,0.76%,0.42%,ME,0.25%,0.24%,OK,0.21%,0.73%,NJ,0.08%,0.23%,PA,0.25%,0.29%,MD,0.04%,0.11%,ID,0.24%,0.38%,CO,0.71%,0.23%,VA,0.20%,0.22%,NC,0.30%,0.29%,KY,0.25%,0.09%,PA,0.72%,0.63%,GA,0.21%,0.20%,IL,0.52%,0.19%,SD,0.93%,0.42%,IN,0.23%,0.20%,IN,0.06%,0.11%,PA,0.32%,0.08%,TX,1.31%,0.30%,TX,0.22%,0.21%,NY,0.27%,0.31%,GA,1.57%,0.95%,NE,0.29%,0.44%,MO,0.90%,0.23%,OH,0.28%,0.45%,WA,0.24%,0.32%,OH,0.59%,0.31%,IL,0.04%,0.10%,IL,2.70%,2.03%,CT,0.67%,0.45%,FL,0.40%,0.42%
IN,,,,,,,,PA,0.34%,0.07%,LA,0.04%,0.05%,CT,1.13%,0.85%,OK,1.26%,0.85%,CT,0.18%,0.38%,NV,0.23%,0.01%,MI,0.12%,0.03%,CT,0.47%,0.23%,SC,0.79%,0.55%,MI,0.10%,0.23%,DE,0.37%,0.55%,LA,0.04%,0.42%,ID,0.00%,0.00%,GA,0.24%,0.32%,AZ,0.96%,0.41%,NJ,0.52%,0.50%,NC,0.29%,0.27%,OH,0.38%,0.15%,MO,0.18%,0.37%,DE,0.33%,0.37%,IL,0.25%,0.21%,WI,1.01%,0.62%,PA,0.18%,0.20%,AR,0.41%,0.28%,NV,0.05%,0.10%,NY,0.26%,0.34%,ID,0.10%,0.23%,WA,0.11%,0.21%,RI,0.34%,0.21%,GA,0.19%,0.09%,UT,0.13%,0.63%,NH,0.08%,0.20%,MO,0.15%,0.18%,NC,0.47%,0.41%,TN,0.12%,0.18%,NJ,0.06%,0.10%,TN,0.15%,0.06%,MN,0.37%,0.25%,IL,0.24%,0.18%,AZ,0.20%,0.28%,AR,0.49%,0.88%,IN,0.26%,0.33%,MD,0.94%,0.23%,KS,0.08%,0.44%,WI,0.24%,0.32%,WA,0.44%,0.23%,NM,0.06%,0.09%,SC,1.31%,1.93%,PA,1.32%,0.40%,IL,0.12%,0.39%
KS,,,,,,,,SC,0.22%,0.05%,NV,0.11%,0.05%,MN,1.08%,0.62%,MI,2.24%,0.83%,NJ,0.22%,0.38%,MI,0.23%,0.01%,GA,0.04%,0.03%,CO,0.15%,0.21%,MO,0.75%,0.54%,NC,0.29%,0.23%,AZ,0.25%,0.50%,PA,0.04%,0.42%,IN,0.00%,0.00%,NC,0.18%,0.29%,VA,0.80%,0.32%,OR,0.54%,0.49%,MI,0.38%,0.26%,NC,0.32%,0.14%,IL,0.36%,0.37%,WA,0.68%,0.33%,GA,0.08%,0.10%,CT,0.81%,0.60%,NV,0.03%,0.19%,SC,0.16%,0.24%,WA,0.04%,0.10%,MI,0.18%,0.28%,GA,0.30%,0.21%,DE,0.08%,0.19%,SC,0.22%,0.20%,MI,0.17%,0.09%,CT,0.38%,0.62%,MI,0.24%,0.19%,TN,0.33%,0.16%,MO,0.31%,0.31%,IL,0.20%,0.18%,OH,0.07%,0.09%,CT,0.07%,0.05%,MI,0.72%,0.23%,NH,0.16%,0.16%,MI,0.22%,0.27%,WA,2.89%,0.79%,UT,0.32%,0.31%,GA,1.42%,0.21%,LA,0.28%,0.28%,MA,0.48%,0.22%,AR,0.11%,0.22%,CO,0.05%,0.06%,WA,2.51%,1.76%,MO,0.49%,0.38%,NV,0.17%,0.37%
KY,,,,,,,,MI,0.67%,0.04%,WY,0.04%,0.05%,NM,1.03%,0.61%,OH,2.28%,0.80%,NV,0.21%,0.37%,IA,0.20%,0.01%,PA,0.16%,0.03%,NC,0.18%,0.20%,OH,1.57%,0.46%,KS,0.07%,0.21%,CT,0.20%,0.46%,SC,0.04%,0.42%,KS,0.00%,0.00%,CA,0.31%,0.29%,CO,0.57%,0.31%,OH,0.38%,0.44%,PA,0.28%,0.24%,IL,0.38%,0.13%,VT,0.22%,0.33%,SC,0.30%,0.29%,WA,0.19%,0.10%,NJ,1.55%,0.56%,AZ,0.13%,0.19%,GA,0.28%,0.14%,VA,0.11%,0.10%,DC,0.15%,0.27%,TX,0.55%,0.18%,MT,0.07%,0.19%,PA,0.41%,0.17%,MO,0.14%,0.07%,VA,0.66%,0.60%,IN,0.18%,0.18%,MI,0.22%,0.14%,WA,0.31%,0.30%,AR,0.08%,0.16%,NE,0.08%,0.08%,VA,0.22%,0.05%,OH,0.66%,0.22%,MO,0.10%,0.14%,MA,0.15%,0.21%,OH,2.17%,0.78%,MN,0.13%,0.29%,OH,1.29%,0.19%,TN,0.16%,0.27%,CT,0.48%,0.18%,SC,0.55%,0.19%,CT,0.02%,0.06%,NJ,1.54%,1.71%,MI,1.22%,0.38%,CA,0.52%,0.36%
LA,,,,,,,,NE,1.12%,0.01%,NC,0.04%,0.04%,MI,1.30%,0.58%,CO,1.50%,0.72%,OH,0.13%,0.32%,WI,0.17%,0.01%,NJ,0.14%,0.03%,OH,0.13%,0.17%,UT,0.49%,0.43%,MS,0.15%,0.19%,IL,0.42%,0.44%,NC,0.10%,0.32%,KY,0.00%,0.00%,TN,0.15%,0.24%,NE,0.88%,0.31%,CT,0.35%,0.42%,WV,0.13%,0.24%,KY,0.17%,0.13%,NC,0.29%,0.28%,CO,0.40%,0.22%,NC,0.13%,0.09%,MO,0.55%,0.47%,MT,0.03%,0.16%,NV,0.21%,0.14%,NC,0.04%,0.09%,GA,0.16%,0.25%,UT,0.15%,0.17%,NE,0.05%,0.14%,CO,0.19%,0.16%,TN,0.11%,0.06%,OK,0.18%,0.44%,MN,0.21%,0.17%,WA,0.42%,0.14%,IL,0.47%,0.26%,MD,0.19%,0.16%,AZ,0.08%,0.07%,NJ,0.18%,0.04%,MO,0.45%,0.22%,AZ,0.08%,0.14%,MD,0.22%,0.19%,KS,0.81%,0.73%,PA,0.13%,0.21%,AR,0.46%,0.18%,GA,0.20%,0.27%,NJ,0.24%,0.10%,NC,1.02%,0.15%,MT,0.02%,0.06%,DC,0.15%,1.66%,OR,1.12%,0.26%,PA,0.23%,0.28%
MA,,,,,,,,MD,0.22%,0.00%,NJ,0.09%,0.04%,NV,0.63%,0.51%,AL,1.00%,0.70%,MN,0.08%,0.29%,PA,0.17%,0.01%,AZ,0.16%,0.02%,IN,0.10%,0.12%,MN,0.73%,0.42%,CT,0.21%,0.16%,TN,0.20%,0.38%,NV,0.10%,0.28%,LA,0.00%,0.00%,PA,0.11%,0.17%,MI,0.80%,0.29%,NC,0.36%,0.36%,MO,0.18%,0.23%,CT,0.12%,0.12%,OH,0.19%,0.27%,MN,0.27%,0.21%,VT,0.12%,0.09%,MN,0.94%,0.43%,IA,0.08%,0.14%,UT,0.07%,0.11%,SD,0.03%,0.09%,SD,0.26%,0.25%,DC,0.55%,0.17%,NC,0.08%,0.13%,NJ,0.26%,0.16%,CO,0.14%,0.06%,NJ,0.77%,0.34%,TN,0.14%,0.14%,LA,0.07%,0.10%,OR,0.31%,0.19%,NC,0.12%,0.13%,LA,0.03%,0.06%,NC,0.10%,0.04%,WI,0.32%,0.21%,CO,0.06%,0.08%,OK,0.06%,0.18%,LA,0.89%,0.66%,LA,0.16%,0.21%,LA,0.79%,0.17%,NC,0.16%,0.24%,ME,0.24%,0.06%,MA,0.46%,0.13%,NJ,0.10%,0.06%,MI,2.54%,1.61%,NC,0.71%,0.22%,MO,0.12%,0.24%
MD,,,,,,,,MO,0.06%,0.00%,DC,0.02%,0.02%,NC,1.21%,0.46%,MS,0.60%,0.63%,MA,0.40%,0.21%,NC,0.16%,0.01%,NC,0.06%,0.01%,RI,0.15%,0.12%,MD,0.81%,0.38%,PA,0.28%,0.16%,GA,0.06%,0.30%,MT,0.04%,0.21%,MA,0.00%,0.00%,CT,0.20%,0.17%,NC,0.58%,0.20%,OK,0.20%,0.32%,LA,0.12%,0.23%,NV,0.09%,0.11%,RI,0.25%,0.26%,MI,0.46%,0.20%,MO,0.07%,0.08%,IN,0.66%,0.43%,OH,0.12%,0.13%,KY,0.16%,0.10%,IA,0.03%,0.06%,NJ,0.18%,0.24%,NV,0.10%,0.13%,RI,0.05%,0.12%,OH,0.15%,0.15%,WA,0.14%,0.05%,GA,0.30%,0.32%,NC,0.28%,0.13%,CO,0.30%,0.09%,WY,0.62%,0.19%,MN,0.05%,0.11%,MD,0.16%,0.05%,AZ,0.24%,0.04%,GA,0.54%,0.19%,TN,0.06%,0.08%,NJ,0.13%,0.15%,IA,1.42%,0.66%,MA,0.10%,0.18%,NJ,1.03%,0.17%,IL,0.28%,0.23%,TN,0.24%,0.06%,NJ,0.55%,0.13%,MS,0.01%,0.05%,KY,0.82%,1.56%,AZ,0.87%,0.20%,AR,0.12%,0.19%
ME,,,,,,,,CA,0.89%,0.00%,CA,0.22%,0.02%,OH,1.03%,0.44%,SC,1.11%,0.59%,MI,0.13%,0.21%,MO,0.20%,0.00%,VT,0.06%,0.01%,MI,0.36%,0.12%,CT,0.53%,0.30%,IN,0.16%,0.14%,OH,0.17%,0.28%,AL,0.04%,0.21%,MD,0.00%,0.00%,SD,0.04%,0.16%,MA,0.29%,0.20%,AZ,0.48%,0.30%,GA,0.20%,0.15%,MA,0.28%,0.11%,TN,0.22%,0.22%,AZ,0.38%,0.19%,NV,0.08%,0.08%,GA,0.66%,0.43%,OK,0.08%,0.12%,NC,0.11%,0.06%,PA,0.03%,0.05%,CT,0.13%,0.19%,NC,0.10%,0.09%,PA,0.11%,0.11%,MO,0.11%,0.15%,OH,0.11%,0.04%,NV,0.16%,0.32%,RI,0.11%,0.11%,MS,0.05%,0.08%,MI,0.16%,0.14%,CT,0.17%,0.09%,WA,0.15%,0.05%,OH,0.05%,0.03%,OK,0.17%,0.18%,OK,0.04%,0.04%,IN,0.06%,0.14%,MO,1.18%,0.64%,CT,0.13%,0.18%,WI,0.63%,0.16%,MN,0.20%,0.18%,AK,0.00%,0.00%,AL,0.29%,0.12%,NC,0.03%,0.05%,OK,1.74%,1.53%,GA,0.54%,0.20%,ND,0.06%,0.19%
MI,,,,,,,,NJ,0.73%,0.00%,PA,0.06%,0.01%,MO,0.72%,0.39%,WI,1.18%,0.58%,IA,0.05%,0.19%,MT,0.13%,0.00%,WA,0.12%,0.00%,WA,0.15%,0.10%,KY,0.46%,0.28%,NJ,0.36%,0.12%,WY,0.17%,0.25%,WY,0.06%,0.16%,ME,0.00%,0.00%,UT,0.04%,0.13%,IN,0.43%,0.17%,MI,0.42%,0.30%,NJ,0.29%,0.13%,MD,0.26%,0.11%,GA,0.31%,0.20%,MO,0.24%,0.14%,TN,0.04%,0.07%,OR,1.11%,0.42%,CT,0.13%,0.12%,IL,0.18%,0.06%,MN,0.03%,0.04%,AL,0.11%,0.17%,RI,0.05%,0.09%,MN,0.07%,0.11%,NV,0.07%,0.13%,MT,0.06%,0.04%,TN,0.21%,0.27%,SC,0.09%,0.09%,OH,0.25%,0.07%,SC,0.16%,0.14%,AZ,0.09%,0.09%,NV,0.07%,0.05%,GA,0.10%,0.03%,SD,0.06%,0.16%,AK,0.02%,0.04%,AL,0.03%,0.14%,WI,1.22%,0.57%,CO,0.10%,0.16%,NC,1.12%,0.16%,IN,0.16%,0.14%,AL,0.00%,0.00%,CO,0.62%,0.09%,ID,0.11%,0.05%,MD,1.24%,1.50%,OH,0.85%,0.19%,OH,0.17%,0.19%
MN,,,,,,,,KY,0.28%,0.00%,HI,0.02%,0.01%,TN,0.56%,0.29%,KS,0.90%,0.54%,OR,0.45%,0.17%,NJ,0.19%,0.00%,MT,0.02%,0.00%,MO,0.08%,0.09%,WI,0.75%,0.28%,LA,0.14%,0.11%,NE,0.08%,0.22%,OH,0.10%,0.14%,MI,0.00%,0.00%,MD,0.20%,0.13%,KS,0.38%,0.16%,NV,0.07%,0.19%,NV,0.05%,0.11%,MI,0.33%,0.10%,OR,0.46%,0.19%,NV,0.13%,0.14%,KY,0.04%,0.06%,NC,0.95%,0.41%,OR,0.17%,0.12%,CT,0.02%,0.04%,NJ,0.03%,0.03%,MS,0.11%,0.16%,NY,0.25%,0.05%,NJ,0.07%,0.11%,WY,0.07%,0.13%,SD,0.06%,0.04%,AR,0.10%,0.25%,KY,0.08%,0.09%,IN,0.16%,0.06%,WV,0.16%,0.14%,NJ,0.12%,0.08%,WY,0.02%,0.05%,KS,0.01%,0.03%,OR,0.83%,0.12%,GA,0.04%,0.04%,OR,0.03%,0.13%,WY,0.94%,0.56%,KY,0.19%,0.15%,WA,1.27%,0.16%,AL,0.08%,0.14%,AR,0.00%,0.00%,NV,0.34%,0.08%,AR,0.01%,0.04%,MO,1.83%,1.41%,NM,0.43%,0.16%,MT,0.29%,0.16%
MO,,,,,,,,MA,0.17%,0.00%,NE,0.02%,0.01%,WI,0.66%,0.29%,CT,0.80%,0.52%,MD,0.29%,0.15%,VT,0.07%,0.00%,OK,0.02%,0.00%,ME,0.03%,0.07%,DE,0.17%,0.28%,MD,0.19%,0.10%,NJ,0.31%,0.22%,HI,0.04%,0.13%,MN,0.00%,0.00%,MA,0.09%,0.12%,MD,0.73%,0.15%,GA,0.40%,0.16%,CO,0.47%,0.10%,OK,0.11%,0.10%,MI,0.18%,0.17%,NH,0.14%,0.13%,UT,0.03%,0.04%,AZ,0.83%,0.33%,GA,0.10%,0.11%,CO,0.11%,0.02%,AR,0.03%,0.02%,VA,0.10%,0.14%,MA,0.05%,0.04%,HI,0.11%,0.10%,VT,0.22%,0.12%,AZ,0.08%,0.04%,MS,0.03%,0.25%,UT,0.02%,0.09%,UT,0.06%,0.06%,NY,0.78%,0.11%,MA,0.08%,0.07%,NC,0.07%,0.05%,ID,0.06%,0.03%,AZ,0.60%,0.11%,OH,0.40%,0.03%,AR,0.03%,0.13%,NV,1.07%,0.54%,KS,0.06%,0.11%,CT,0.46%,0.13%,OK,0.04%,0.13%,AZ,0.00%,0.00%,WY,0.10%,0.07%,MO,0.01%,0.04%,AZ,2.75%,1.29%,TN,0.43%,0.13%,KY,0.17%,0.14%
MS,,,,,,,,WV,0.17%,0.00%,ID,0.04%,0.01%,GA,0.91%,0.29%,NJ,1.56%,0.47%,AL,0.05%,0.14%,LA,0.12%,0.00%,NV,0.04%,0.00%,NV,0.03%,0.07%,NC,1.31%,0.24%,CO,0.13%,0.09%,OR,0.40%,0.20%,GA,0.02%,0.11%,MS,0.00%,0.00%,SC,0.07%,0.11%,NJ,0.44%,0.11%,TN,0.13%,0.16%,OK,0.06%,0.09%,ID,0.07%,0.10%,AZ,0.35%,0.15%,TN,0.23%,0.10%,MN,0.06%,0.04%,NV,0.32%,0.30%,WY,0.01%,0.10%,KS,0.09%,0.02%,LA,0.03%,0.01%,IN,0.10%,0.13%,WY,0.05%,0.04%,CT,0.16%,0.10%,IL,0.11%,0.11%,DE,0.11%,0.04%,ID,0.06%,0.24%,DE,0.14%,0.08%,ME,0.12%,0.05%,IN,0.31%,0.08%,CO,0.09%,0.06%,GA,0.04%,0.04%,MN,0.09%,0.02%,NC,0.53%,0.10%,WI,0.06%,0.02%,CO,0.28%,0.11%,AL,0.65%,0.53%,MD,0.06%,0.10%,IN,0.79%,0.12%,AR,0.08%,0.10%,CO,0.00%,0.00%,AZ,0.69%,0.07%,AK,0.01%,0.03%,OR,1.79%,1.08%,OK,0.19%,0.13%,MD,0.06%,0.10%
MT,,,,,,,,IN,0.22%,0.00%,OR,0.04%,0.00%,ME,0.38%,0.25%,MD,1.25%,0.47%,DE,0.02%,0.11%,TN,0.07%,0.00%,TN,0.02%,0.00%,OR,0.18%,0.06%,IN,0.89%,0.22%,AR,0.08%,0.09%,MN,0.23%,0.19%,MD,0.08%,0.09%,MT,0.00%,0.00%,NJ,0.11%,0.10%,NV,0.42%,0.11%,NM,0.30%,0.15%,AZ,0.13%,0.09%,MN,0.22%,0.08%,SC,0.11%,0.14%,IN,0.25%,0.10%,OK,0.06%,0.04%,TN,0.38%,0.28%,SC,0.10%,0.09%,MI,0.07%,0.02%,ID,0.03%,0.01%,MD,0.21%,0.13%,MD,0.05%,0.02%,UT,0.15%,0.09%,IN,0.11%,0.08%,RI,0.06%,0.03%,RI,0.08%,0.24%,WA,0.49%,0.08%,RI,0.06%,0.05%,KY,0.31%,0.08%,NE,0.06%,0.05%,MN,0.02%,0.04%,NV,0.02%,0.02%,DE,0.29%,0.07%,HI,0.02%,0.01%,MS,0.07%,0.10%,MT,0.61%,0.52%,SC,0.35%,0.08%,MA,0.78%,0.11%,NJ,0.12%,0.09%,DE,0.00%,0.00%,KS,0.10%,0.06%,GA,0.03%,0.03%,IN,1.35%,0.77%,VT,0.26%,0.11%,MA,0.23%,0.08%
NC,,,,,,,,AZ,0.28%,0.00%,SC,0.02%,0.00%,HI,0.40%,0.23%,IN,1.24%,0.44%,RI,0.01%,0.11%,SC,0.07%,0.00%,IN,0.18%,0.00%,UT,0.15%,0.06%,KS,0.38%,0.20%,MN,0.07%,0.08%,MI,0.08%,0.19%,IL,0.06%,0.08%,NC,0.00%,0.00%,LA,0.04%,0.08%,PA,0.85%,0.10%,IN,0.25%,0.14%,RI,0.09%,0.08%,NJ,0.38%,0.08%,KY,0.08%,0.14%,AL,0.13%,0.08%,IN,0.04%,0.04%,NM,0.51%,0.16%,MO,0.13%,0.09%,NJ,0.09%,0.02%,UT,0.01%,0.01%,OK,0.05%,0.11%,PA,0.05%,0.02%,WY,0.07%,0.08%,WA,0.15%,0.08%,ME,0.06%,0.02%,IN,0.18%,0.23%,ME,0.27%,0.08%,MN,0.13%,0.04%,KS,0.16%,0.07%,SD,0.02%,0.04%,MI,0.02%,0.04%,DE,0.03%,0.02%,TN,0.33%,0.06%,IN,0.02%,0.01%,WA,0.07%,0.10%,OR,1.67%,0.50%,OH,0.10%,0.08%,AL,0.75%,0.10%,RI,0.08%,0.09%,HI,0.00%,0.00%,IN,0.35%,0.06%,NV,0.04%,0.02%,MN,1.02%,0.76%,IN,0.55%,0.11%,WV,0.29%,0.07%
ND,,,,,,,,NC,0.06%,0.00%,TN,0.06%,0.00%,UT,0.39%,0.23%,OR,1.43%,0.37%,ND,0.00%,0.07%,IN,0.14%,0.00%,WI,0.06%,0.00%,NH,0.13%,0.06%,WY,0.13%,0.19%,AZ,0.25%,0.08%,NC,0.11%,0.17%,IA,0.02%,0.08%,ND,0.00%,0.00%,NE,0.15%,0.06%,WA,0.75%,0.06%,LA,0.10%,0.13%,AL,0.07%,0.07%,AZ,0.29%,0.07%,MN,0.19%,0.11%,WI,0.23%,0.07%,AL,0.04%,0.04%,NH,0.23%,0.16%,NC,0.07%,0.09%,WA,0.07%,0.02%,GA,0.01%,0.00%,MO,0.07%,0.05%,ND,0.05%,0.02%,SC,0.49%,0.08%,AR,0.04%,0.06%,KS,0.03%,0.02%,AL,0.11%,0.21%,NV,0.12%,0.07%,DE,0.05%,0.04%,LA,0.16%,0.07%,DE,0.06%,0.03%,IA,0.02%,0.03%,MT,0.04%,0.02%,SC,0.21%,0.06%,KY,0.02%,0.01%,CT,0.03%,0.08%,MD,1.26%,0.46%,NJ,0.16%,0.07%,MN,0.61%,0.09%,NE,0.08%,0.07%,IA,0.00%,0.00%,MS,0.17%,0.06%,LA,0.00%,0.02%,MS,1.08%,0.76%,SC,0.22%,0.10%,UT,0.06%,0.05%
NE,,,,,,,,HI,0.06%,0.00%,KY,0.02%,0.00%,SC,0.42%,0.22%,MA,1.21%,0.37%,ME,0.03%,0.07%,AR,0.06%,0.00%,DE,0.02%,0.00%,TN,0.05%,0.04%,CO,1.04%,0.17%,OK,0.09%,0.05%,IA,0.06%,0.15%,KS,0.04%,0.08%,NE,0.00%,0.00%,IA,0.04%,0.05%,OK,0.46%,0.04%,IA,0.09%,0.11%,SC,0.13%,0.07%,KS,0.12%,0.07%,LA,0.05%,0.11%,WV,0.11%,0.06%,SC,0.01%,0.04%,KY,0.33%,0.13%,IN,0.21%,0.08%,MA,0.05%,0.02%,ME,0.01%,0.00%,OH,0.03%,0.03%,NJ,0.05%,0.02%,LA,0.05%,0.07%,ND,0.04%,0.03%,MN,0.03%,0.02%,OR,0.54%,0.20%,VT,0.07%,0.07%,NM,0.12%,0.04%,MA,0.16%,0.07%,WY,0.01%,0.03%,NH,0.03%,0.02%,HI,0.10%,0.01%,NV,0.19%,0.05%,NC,0.06%,0.01%,IA,0.01%,0.08%,OK,1.07%,0.46%,AR,0.10%,0.06%,SC,0.75%,0.09%,MI,0.08%,0.05%,ID,0.00%,0.00%,NE,0.10%,0.06%,TN,0.01%,0.02%,WI,1.39%,0.73%,ME,0.23%,0.09%,WA,0.12%,0.05%
NH,,,,,,,,OR,0.06%,0.00%,AR,0.02%,0.00%,IA,0.30%,0.20%,DC,0.10%,0.36%,NE,0.02%,0.07%,MN,0.14%,0.00%,TX,0.04%,0.00%,WI,0.03%,0.04%,AL,0.63%,0.16%,WA,0.10%,0.05%,OK,0.03%,0.15%,NJ,0.12%,0.07%,NH,0.00%,0.00%,NH,0.04%,0.05%,OR,0.34%,0.04%,ME,0.08%,0.11%,MS,0.04%,0.06%,IN,0.18%,0.06%,IA,0.05%,0.10%,KY,0.10%,0.06%,MI,0.08%,0.04%,SC,0.33%,0.13%,TN,0.16%,0.07%,MN,0.05%,0.02%,OR,0.01%,0.00%,KS,0.08%,0.03%,TN,0.10%,0.02%,AL,0.10%,0.06%,MS,0.04%,0.03%,IN,0.06%,0.02%,MN,0.36%,0.18%,KS,0.10%,0.06%,AL,0.09%,0.03%,AZ,0.31%,0.05%,KS,0.03%,0.03%,NM,0.13%,0.02%,NE,0.07%,0.01%,KY,0.13%,0.05%,ME,0.02%,0.00%,KS,0.06%,0.08%,TN,1.09%,0.42%,NV,0.03%,0.06%,MS,0.38%,0.09%,DE,0.04%,0.04%,IN,0.00%,0.00%,OK,0.19%,0.05%,HI,0.02%,0.02%,ME,0.61%,0.60%,RI,0.12%,0.08%,ID,0.06%,0.02%
NJ,,,,,,,,UT,0.06%,0.00%,MA,0.02%,0.00%,IN,0.59%,0.18%,MN,1.14%,0.36%,LA,0.08%,0.05%,OK,0.10%,0.00%,WV,0.02%,0.00%,KY,0.02%,0.03%,WA,1.14%,0.14%,MA,0.13%,0.04%,WI,0.03%,0.15%,IN,0.06%,0.05%,NJ,0.00%,0.00%,OK,0.09%,0.03%,DE,0.08%,0.04%,WI,0.21%,0.09%,AR,0.39%,0.05%,TN,0.29%,0.05%,HI,0.06%,0.08%,OR,0.30%,0.06%,OH,0.16%,0.03%,UT,0.19%,0.11%,LA,0.05%,0.06%,NY,0.07%,0.01%,RI,0.01%,0.00%,DE,0.05%,0.02%,AL,0.05%,0.01%,AR,0.02%,0.05%,UT,0.07%,0.03%,WI,0.06%,0.02%,NC,0.44%,0.18%,OH,0.32%,0.06%,KY,0.14%,0.03%,MS,0.31%,0.05%,MS,0.05%,0.02%,DE,0.01%,0.02%,VT,0.07%,0.01%,RI,0.17%,0.05%,WA,0.04%,0.00%,NV,0.06%,0.08%,MA,1.06%,0.39%,AZ,0.10%,0.06%,OR,0.74%,0.08%,ID,0.08%,0.02%,KS,0.00%,0.00%,LA,0.33%,0.05%,SC,0.02%,0.02%,AL,0.80%,0.57%,IA,0.36%,0.08%,ME,0.06%,0.02%
NM,,,,,,,,ID,0.06%,0.00%,NM,0.02%,0.00%,OK,0.25%,0.17%,NV,1.27%,0.35%,WI,0.07%,0.05%,ME,0.11%,0.00%,IL,0.02%,0.00%,LA,0.02%,0.03%,OR,0.59%,0.12%,KY,0.06%,0.04%,ID,0.06%,0.10%,AK,0.02%,0.04%,NM,0.00%,0.00%,ND,0.02%,0.03%,SC,0.50%,0.04%,UT,0.08%,0.09%,WA,0.13%,0.04%,WA,0.31%,0.04%,WI,0.15%,0.07%,UT,0.07%,0.06%,DE,0.02%,0.03%,LA,0.16%,0.11%,ND,0.02%,0.05%,DE,0.02%,0.01%,AK,0.01%,0.00%,AK,0.07%,0.02%,MT,0.05%,0.00%,IN,0.02%,0.05%,OK,0.07%,0.01%,SC,0.06%,0.01%,IA,0.10%,0.17%,AZ,0.24%,0.06%,AR,0.05%,0.02%,UT,0.16%,0.05%,SC,0.05%,0.02%,CT,0.02%,0.02%,SC,0.02%,0.01%,AR,0.10%,0.05%,NM,0.02%,0.00%,NM,0.03%,0.07%,SC,1.14%,0.39%,RI,0.03%,0.01%,NM,0.45%,0.06%,WV,0.04%,0.01%,KY,0.00%,0.00%,WI,0.29%,0.05%,VT,0.01%,0.01%,NM,0.66%,0.56%,NV,0.21%,0.07%,GA,0.06%,0.01%
NV,,,,,,,,WI,0.06%,0.00%,IN,0.02%,0.00%,VT,0.33%,0.17%,ID,0.54%,0.24%,KY,0.08%,0.05%,GA,0.08%,0.00%,AK,0.00%,0.00%,MN,0.05%,0.03%,LA,0.45%,0.11%,WI,0.05%,0.03%,KS,0.03%,0.06%,MI,0.04%,0.04%,NV,0.00%,0.00%,DE,0.02%,0.01%,MS,0.20%,0.04%,AR,0.06%,0.09%,OR,0.04%,0.04%,MT,0.05%,0.03%,AR,0.02%,0.06%,RI,0.07%,0.05%,WI,0.03%,0.03%,IA,0.27%,0.11%,MI,0.05%,0.05%,ID,0.02%,0.01%,AZ,0.00%,0.00%,AR,0.02%,0.02%,AK,0.00%,0.00%,MI,0.05%,0.05%,OR,0.07%,0.01%,ID,0.03%,0.01%,WI,0.27%,0.16%,WI,0.15%,0.06%,WI,0.16%,0.02%,NE,0.16%,0.03%,AL,0.04%,0.02%,SD,0.01%,0.01%,WI,0.07%,0.01%,ME,0.18%,0.05%,MN,0.04%,0.00%,HI,0.03%,0.06%,IN,0.96%,0.37%,NH,0.03%,0.01%,KS,0.52%,0.06%,AZ,0.08%,0.01%,LA,0.00%,0.00%,UT,0.19%,0.04%,UT,0.01%,0.01%,MA,0.96%,0.55%,UT,0.20%,0.06%,MN,0.12%,0.00%
NY,,,,,,,,IA,0.06%,0.00%,AL,0.00%,0.00%,KS,0.30%,0.14%,KY,0.89%,0.23%,MT,0.02%,0.05%,KY,0.04%,0.00%,AL,0.00%,0.00%,OK,0.65%,0.03%,NH,0.28%,0.08%,DE,0.03%,0.03%,LA,0.08%,0.05%,MN,0.02%,0.04%,NY,0.00%,0.00%,WY,0.02%,0.01%,AL,0.32%,0.03%,NE,0.13%,0.08%,NH,0.04%,0.04%,WY,0.05%,0.03%,OK,0.04%,0.06%,NE,0.06%,0.05%,LA,0.01%,0.03%,ME,0.24%,0.10%,NH,0.02%,0.04%,NE,0.02%,0.01%,DE,0.00%,0.00%,MN,0.10%,0.01%,CT,0.00%,0.00%,WI,0.05%,0.04%,WI,0.04%,0.01%,IA,0.03%,0.00%,AK,0.10%,0.14%,NE,0.09%,0.05%,KS,0.06%,0.02%,NJ,0.16%,0.03%,WI,0.02%,0.02%,UT,0.02%,0.01%,MS,0.01%,0.01%,NM,0.31%,0.04%,IA,0.02%,0.00%,KY,0.01%,0.06%,NE,1.02%,0.36%,OK,0.03%,0.00%,UT,0.51%,0.06%,CT,0.08%,0.00%,MI,0.00%,0.00%,KY,0.20%,0.04%,MN,0.03%,0.01%,ID,1.05%,0.52%,AR,0.14%,0.06%,RI,0.06%,0.00%
OH,,,,,,,,NV,0.06%,0.00%,CT,0.00%,0.00%,NH,0.28%,0.14%,WY,0.21%,0.23%,OK,0.02%,0.04%,WY,0.04%,0.00%,AR,0.00%,0.00%,WY,0.02%,0.01%,AR,0.27%,0.06%,UT,0.03%,0.03%,ME,0.06%,0.03%,SD,0.04%,0.03%,OH,0.00%,0.00%,WA,0.07%,0.01%,LA,0.56%,0.03%,RI,0.08%,0.07%,WI,0.16%,0.03%,ME,0.06%,0.03%,DE,0.08%,0.05%,AR,0.10%,0.04%,AZ,0.07%,0.02%,RI,0.15%,0.10%,AK,0.00%,0.04%,AK,0.00%,0.00%,HI,0.00%,0.00%,NC,0.05%,0.01%,DE,0.00%,0.00%,MS,0.05%,0.03%,DE,0.04%,0.00%,UT,0.03%,0.00%,VT,0.10%,0.12%,NM,0.24%,0.03%,AZ,0.19%,0.02%,AK,0.00%,0.00%,NV,0.02%,0.02%,AL,0.02%,0.01%,MI,0.07%,0.00%,UT,0.18%,0.03%,OR,0.02%,0.00%,MT,0.04%,0.05%,ND,0.59%,0.34%,AK,0.00%,0.00%,NE,0.42%,0.06%,AK,0.00%,0.00%,MN,0.00%,0.00%,MN,0.23%,0.03%,RI,0.00%,0.01%,UT,1.11%,0.49%,KS,0.21%,0.06%,AK,0.00%,0.00%
OK,,,,,,,,MN,0.06%,0.00%,DE,0.00%,0.00%,ID,0.21%,0.13%,IA,0.71%,0.20%,NC,0.17%,0.02%,UT,0.07%,0.00%,HI,0.00%,0.00%,HI,0.08%,0.01%,WV,0.16%,0.05%,IA,0.03%,0.02%,IN,0.03%,0.02%,NE,0.04%,0.01%,OK,0.00%,0.00%,AL,0.07%,0.01%,ND,0.12%,0.02%,SC,0.18%,0.07%,KS,0.02%,0.02%,NE,0.17%,0.02%,KS,0.03%,0.05%,IA,0.10%,0.04%,OR,0.05%,0.02%,AR,0.12%,0.10%,AL,0.06%,0.03%,HI,0.00%,0.00%,KY,0.00%,0.00%,OR,0.03%,0.01%,HI,0.00%,0.00%,MA,0.08%,0.03%,AL,0.04%,0.00%,AK,0.00%,0.00%,NE,0.06%,0.12%,LA,0.09%,0.03%,OR,0.24%,0.02%,AL,0.00%,0.00%,WA,0.02%,0.01%,MA,0.01%,0.00%,NM,0.07%,0.00%,NH,0.12%,0.03%,WY,0.02%,0.00%,NE,0.04%,0.05%,NJ,1.33%,0.33%,DE,0.00%,0.00%,ID,0.38%,0.05%,HI,0.00%,0.00%,MS,0.00%,0.00%,OR,0.23%,0.03%,WI,0.00%,0.01%,CT,0.61%,0.42%,WY,0.05%,0.05%,AL,0.00%,0.00%
OR,,,,,,,,AK,0.00%,0.00%,IA,0.00%,0.00%,KY,0.23%,0.12%,NM,0.55%,0.18%,NH,0.07%,0.01%,RI,0.04%,0.00%,IA,0.00%,0.00%,AK,0.00%,0.00%,OK,0.41%,0.05%,RI,0.02%,0.02%,MS,0.03%,0.02%,MA,0.02%,0.00%,OR,0.00%,0.00%,MS,0.09%,0.01%,UT,0.26%,0.02%,ID,0.09%,0.06%,NE,0.01%,0.02%,WI,0.19%,0.01%,NV,0.02%,0.05%,ME,0.15%,0.04%,NM,0.02%,0.02%,KS,0.24%,0.09%,UT,0.06%,0.03%,IA,0.00%,0.00%,MA,0.00%,0.00%,UT,0.02%,0.00%,KY,0.00%,0.00%,IA,0.02%,0.02%,AK,0.00%,0.00%,AL,0.00%,0.00%,OH,0.55%,0.12%,AR,0.03%,0.02%,OK,0.05%,0.01%,CT,0.00%,0.00%,LA,0.02%,0.01%,ID,0.01%,0.00%,ME,0.04%,0.00%,LA,0.14%,0.03%,MI,0.02%,0.00%,RI,0.03%,0.05%,ID,0.76%,0.31%,HI,0.00%,0.00%,KY,0.42%,0.05%,IA,0.00%,0.00%,MT,0.00%,0.00%,WV,0.09%,0.03%,KY,0.00%,0.00%,KS,0.54%,0.32%,NH,0.16%,0.05%,DE,0.00%,0.00%
PA,,,,,,,,CO,0.00%,0.00%,KS,0.00%,0.00%,AL,0.23%,0.12%,ME,0.29%,0.17%,IN,0.03%,0.01%,NE,0.03%,0.00%,ID,0.00%,0.00%,AL,0.00%,0.00%,NE,0.26%,0.04%,SD,0.00%,0.01%,NH,0.03%,0.02%,CT,0.00%,0.00%,PA,0.00%,0.00%,CO,0.04%,0.01%,ID,0.34%,0.02%,SD,0.06%,0.06%,HI,0.05%,0.01%,OR,0.21%,0.01%,NM,0.13%,0.04%,LA,0.14%,0.04%,IA,0.01%,0.02%,NE,0.12%,0.07%,ID,0.01%,0.02%,ME,0.00%,0.00%,MI,0.00%,0.00%,SC,0.07%,0.00%,LA,0.00%,0.00%,ND,0.02%,0.02%,HI,0.00%,0.00%,AR,0.00%,0.00%,KY,0.12%,0.09%,OK,0.07%,0.02%,NV,0.06%,0.01%,DE,0.00%,0.00%,OK,0.01%,0.01%,SC,0.01%,0.00%,AK,0.01%,0.00%,VT,0.12%,0.03%,MS,0.02%,0.00%,NH,0.02%,0.05%,CT,0.67%,0.28%,IA,0.00%,0.00%,MT,0.21%,0.04%,KY,0.00%,0.00%,ND,0.00%,0.00%,MT,0.13%,0.02%,NE,0.00%,0.00%,AR,0.52%,0.31%,KY,0.26%,0.05%,HI,0.00%,0.00%
RI,,,,,,,,CT,0.00%,0.00%,ME,0.00%,0.00%,LA,0.30%,0.12%,MT,0.36%,0.13%,HI,0.12%,0.01%,AK,0.03%,0.00%,KS,0.00%,0.00%,AR,0.00%,0.00%,ID,0.36%,0.03%,OR,0.05%,0.01%,SC,0.03%,0.02%,DE,0.00%,0.00%,RI,0.00%,0.00%,MT,0.04%,0.00%,NM,0.27%,0.02%,HI,0.21%,0.06%,IA,0.02%,0.01%,UT,0.05%,0.01%,UT,0.09%,0.04%,MT,0.04%,0.04%,ID,0.01%,0.01%,VT,0.19%,0.07%,NE,0.06%,0.02%,MT,0.00%,0.00%,MS,0.00%,0.00%,IA,0.02%,0.00%,ME,0.00%,0.00%,NM,0.10%,0.01%,IA,0.00%,0.00%,HI,0.00%,0.00%,MI,0.35%,0.07%,OR,0.44%,0.02%,NH,0.07%,0.01%,HI,0.00%,0.00%,ND,0.01%,0.01%,PA,0.11%,0.00%,WY,0.01%,0.00%,KS,0.13%,0.03%,AL,0.00%,0.00%,WV,0.01%,0.05%,KY,0.60%,0.23%,ID,0.00%,0.00%,IA,0.31%,0.04%,MA,0.00%,0.00%,NE,0.00%,0.00%,ID,0.14%,0.02%,MI,0.01%,0.00%,MT,0.35%,0.29%,DE,0.15%,0.05%,IA,0.00%,0.00%
SC,,,,,,,,DE,0.00%,0.00%,MS,0.00%,0.00%,AK,0.18%,0.12%,NE,0.47%,0.13%,NM,0.08%,0.01%,ID,0.14%,0.00%,KY,0.00%,0.00%,IA,0.00%,0.00%,MT,0.17%,0.03%,NE,0.25%,0.01%,AR,0.06%,0.01%,KY,0.00%,0.00%,SC,0.00%,0.00%,OR,0.09%,0.00%,CT,0.28%,0.02%,KY,0.10%,0.05%,ME,0.08%,0.01%,NM,0.07%,0.01%,IN,0.05%,0.03%,VT,0.10%,0.01%,MT,0.01%,0.01%,MT,0.13%,0.07%,NM,0.03%,0.02%,ND,0.00%,0.00%,MT,0.00%,0.00%,HI,0.00%,0.00%,MI,0.00%,0.00%,NH,0.07%,0.01%,ID,0.00%,0.00%,LA,0.00%,0.00%,KS,0.20%,0.07%,IA,0.04%,0.02%,ID,0.05%,0.01%,IA,0.00%,0.00%,ID,0.02%,0.00%,AK,0.00%,0.00%,UT,0.07%,0.00%,HI,0.17%,0.02%,DE,0.00%,0.00%,MN,0.08%,0.03%,NM,0.51%,0.19%,ME,0.00%,0.00%,NH,0.19%,0.04%,ME,0.00%,0.00%,NM,0.00%,0.00%,NM,0.14%,0.01%,AL,0.00%,0.00%,NE,0.33%,0.27%,HI,0.22%,0.04%,IN,0.00%,0.00%
SD,,,,,,,,ME,0.00%,0.00%,MT,0.00%,0.00%,RI,0.23%,0.12%,NH,0.33%,0.12%,ID,0.12%,0.00%,HI,0.04%,0.00%,LA,0.00%,0.00%,ID,0.00%,0.00%,IA,0.28%,0.03%,ID,0.02%,0.00%,NM,0.11%,0.00%,ME,0.00%,0.00%,SD,0.00%,0.00%,ID,0.02%,0.00%,AK,0.12%,0.01%,MT,0.05%,0.05%,WY,0.01%,0.01%,NH,0.03%,0.00%,WV,0.03%,0.03%,MS,0.05%,0.01%,NE,0.00%,0.01%,HI,0.23%,0.07%,HI,0.02%,0.01%,NH,0.00%,0.00%,ND,0.00%,0.00%,KY,0.00%,0.00%,MS,0.00%,0.00%,ID,0.03%,0.01%,KS,0.00%,0.00%,MS,0.00%,0.00%,MT,0.08%,0.05%,WY,0.02%,0.02%,VT,0.06%,0.01%,ID,0.00%,0.00%,NM,0.02%,0.00%,HI,0.00%,0.00%,WV,0.02%,0.00%,WV,0.07%,0.02%,ID,0.00%,0.00%,SD,0.01%,0.00%,MS,0.31%,0.16%,MT,0.00%,0.00%,WY,0.17%,0.03%,MS,0.00%,0.00%,NV,0.00%,0.00%,ME,0.07%,0.01%,WY,0.00%,0.00%,WY,0.41%,0.25%,LA,0.17%,0.04%,KS,0.00%,0.00%
TN,,,,,,,,MT,0.00%,0.00%,ND,0.00%,0.00%,WY,0.06%,0.10%,UT,0.50%,0.12%,SC,0.15%,0.00%,OH,0.06%,0.00%,MO,0.00%,0.00%,KS,0.00%,0.00%,RI,0.13%,0.03%,NM,0.05%,0.00%,AK,0.00%,0.00%,MS,0.00%,0.00%,TN,0.00%,0.00%,NV,0.02%,0.00%,KY,0.15%,0.01%,DE,0.07%,0.04%,MT,0.07%,0.01%,DE,0.03%,0.00%,ID,0.03%,0.03%,NM,0.23%,0.01%,KS,0.07%,0.00%,WY,0.06%,0.06%,RI,0.01%,0.01%,NM,0.00%,0.00%,NE,0.00%,0.00%,MA,0.00%,0.00%,NH,0.00%,0.00%,KY,0.02%,0.00%,KY,0.00%,0.00%,ND,0.00%,0.00%,SC,0.12%,0.04%,MT,0.03%,0.01%,IA,0.08%,0.01%,ME,0.00%,0.00%,AK,0.01%,0.00%,ME,0.00%,0.00%,SD,0.04%,0.00%,ID,0.14%,0.02%,KS,0.00%,0.00%,DE,0.02%,0.00%,UT,0.75%,0.16%,ND,0.00%,0.00%,HI,0.13%,0.03%,MT,0.00%,0.00%,OH,0.00%,0.00%,ND,0.01%,0.01%,KS,0.00%,0.00%,SD,0.23%,0.24%,NE,0.12%,0.04%,LA,0.00%,0.00%
TX,,,,,,,,ND,0.00%,0.00%,NH,0.00%,0.00%,NE,0.11%,0.09%,WV,0.30%,0.08%,AK,0.03%,0.00%,SD,0.02%,0.00%,MS,0.00%,0.00%,MS,0.00%,0.00%,MS,0.25%,0.03%,WV,0.02%,0.00%,AL,0.00%,0.00%,ND,0.00%,0.00%,TX,0.00%,0.00%,AK,0.00%,0.00%,MT,0.12%,0.01%,WV,0.02%,0.04%,ND,0.01%,0.01%,HI,0.04%,0.00%,AL,0.02%,0.02%,HI,0.06%,0.01%,HI,0.04%,0.00%,ID,0.15%,0.06%,ME,0.01%,0.01%,OK,0.00%,0.00%,NH,0.00%,0.00%,ME,0.00%,0.00%,NM,0.00%,0.00%,MO,0.03%,0.00%,LA,0.00%,0.00%,NE,0.00%,0.00%,ME,0.24%,0.03%,MS,0.02%,0.01%,AK,0.03%,0.00%,MT,0.00%,0.00%,OR,0.02%,0.00%,MS,0.00%,0.00%,RI,0.02%,0.00%,NE,0.06%,0.02%,LA,0.00%,0.00%,WI,0.01%,0.00%,HI,0.19%,0.14%,NM,0.00%,0.00%,DE,0.15%,0.03%,ND,0.00%,0.00%,OK,0.00%,0.00%,DE,0.16%,0.01%,SD,0.03%,0.00%,IA,0.64%,0.21%,ID,0.13%,0.04%,MI,0.00%,0.00%
UT,,,,,,,,NH,0.00%,0.00%,OH,0.00%,0.00%,DE,0.18%,0.09%,HI,0.29%,0.08%,AR,0.02%,0.00%,KS,0.01%,0.00%,ND,0.00%,0.00%,MT,0.00%,0.00%,NM,0.25%,0.02%,HI,0.00%,0.00%,KY,0.00%,0.00%,NH,0.00%,0.00%,UT,0.00%,0.00%,HI,0.00%,0.00%,NH,0.07%,0.01%,AK,0.04%,0.04%,NM,0.03%,0.01%,IA,0.02%,0.00%,AK,0.02%,0.02%,KS,0.13%,0.01%,AR,0.02%,0.00%,AL,0.21%,0.05%,MS,0.04%,0.01%,OR,0.00%,0.00%,NM,0.00%,0.00%,NE,0.00%,0.00%,OH,0.00%,0.00%,AK,0.00%,0.00%,MI,0.00%,0.00%,NM,0.00%,0.00%,NH,0.09%,0.02%,ND,0.00%,0.00%,HI,0.04%,0.00%,NH,0.00%,0.00%,VT,0.01%,0.00%,MT,0.00%,0.00%,IA,0.01%,0.00%,IA,0.12%,0.02%,MT,0.00%,0.00%,ME,0.01%,0.00%,NH,0.35%,0.13%,OR,0.00%,0.00%,SD,0.16%,0.02%,NH,0.00%,0.00%,OR,0.00%,0.00%,RI,0.09%,0.01%,ME,0.00%,0.00%,ND,0.23%,0.19%,AL,0.22%,0.03%,MS,0.00%,0.00%
VA,,,,,,,,NM,0.00%,0.00%,OK,0.00%,0.00%,AR,0.19%,0.09%,SD,0.24%,0.07%,VT,0.01%,0.00%,DE,0.01%,0.00%,NE,0.00%,0.00%,ND,0.00%,0.00%,SD,0.10%,0.02%,AK,0.04%,0.00%,MT,0.00%,0.00%,NM,0.00%,0.00%,VA,0.00%,0.00%,KS,0.00%,0.00%,WV,0.12%,0.01%,AL,0.08%,0.03%,ID,0.06%,0.00%,AK,0.01%,0.00%,NE,0.02%,0.01%,OK,0.10%,0.01%,AK,0.01%,0.00%,DE,0.16%,0.05%,AR,0.00%,0.01%,RI,0.00%,0.00%,SC,0.00%,0.00%,NH,0.00%,0.00%,OK,0.00%,0.00%,MD,0.00%,0.00%,MN,0.00%,0.00%,NV,0.00%,0.00%,HI,0.11%,0.02%,HI,0.07%,0.00%,MT,0.03%,0.00%,NM,0.00%,0.00%,HI,0.00%,0.00%,ND,0.00%,0.00%,LA,0.03%,0.00%,MT,0.06%,0.01%,ND,0.00%,0.00%,AK,0.00%,0.00%,WV,0.26%,0.10%,SD,0.00%,0.00%,AK,0.21%,0.02%,NM,0.00%,0.00%,PA,0.00%,0.00%,HI,0.08%,0.01%,DE,0.00%,0.00%,RI,0.12%,0.17%,AK,0.11%,0.02%,NH,0.00%,0.00%
VT,,,,,,,,OK,0.00%,0.00%,RI,0.00%,0.00%,WV,0.11%,0.08%,DE,0.20%,0.06%,WY,0.01%,0.00%,WV,0.01%,0.00%,NM,0.00%,0.00%,NE,0.00%,0.00%,ME,0.19%,0.02%,NH,0.00%,0.00%,ND,0.00%,0.00%,OK,0.00%,0.00%,VT,0.00%,0.00%,ME,0.00%,0.00%,ME,0.04%,0.01%,NH,0.02%,0.03%,DE,0.01%,0.00%,RI,0.02%,0.00%,WY,0.01%,0.01%,ID,0.04%,0.00%,WV,0.02%,0.00%,AK,0.09%,0.04%,KS,0.01%,0.01%,SD,0.00%,0.00%,TX,0.00%,0.00%,NM,0.00%,0.00%,OR,0.00%,0.00%,ME,0.00%,0.00%,MT,0.00%,0.00%,OK,0.00%,0.00%,DE,0.09%,0.01%,SD,0.05%,0.00%,WV,0.04%,0.00%,NV,0.00%,0.00%,IA,0.00%,0.00%,OR,0.00%,0.00%,KY,0.01%,0.00%,AL,0.10%,0.01%,NE,0.00%,0.00%,WY,0.00%,0.00%,AK,0.30%,0.09%,VT,0.00%,0.00%,WV,0.16%,0.02%,SC,0.00%,0.00%,SC,0.00%,0.00%,IA,0.09%,0.01%,IA,0.00%,0.00%,AK,0.30%,0.15%,MT,0.10%,0.02%,NJ,0.00%,0.00%
WA,,,,,,,,RI,0.00%,0.00%,SD,0.00%,0.00%,MT,0.18%,0.08%,AK,0.20%,0.06%,SD,0.02%,0.00%,NH,0.01%,0.00%,OH,0.00%,0.00%,NM,0.00%,0.00%,HI,0.15%,0.01%,ME,0.00%,0.00%,RI,0.00%,0.00%,RI,0.00%,0.00%,WA,0.00%,0.00%,NM,0.00%,0.00%,HI,0.11%,0.01%,ND,0.00%,0.03%,AK,0.01%,0.00%,ND,0.02%,0.00%,SD,0.02%,0.01%,SD,0.06%,0.00%,SD,0.01%,0.00%,SD,0.07%,0.04%,VT,0.00%,0.01%,VT,0.00%,0.00%,VT,0.00%,0.00%,RI,0.00%,0.00%,SC,0.00%,0.00%,OK,0.00%,0.00%,NE,0.00%,0.00%,OR,0.00%,0.00%,WY,0.03%,0.00%,ID,0.04%,0.00%,NE,0.02%,0.00%,PA,0.00%,0.00%,ME,0.00%,0.00%,RI,0.00%,0.00%,AL,0.01%,0.00%,WY,0.05%,0.01%,SD,0.00%,0.00%,ID,0.00%,0.00%,ME,0.28%,0.08%,WA,0.00%,0.00%,ME,0.16%,0.02%,SD,0.00%,0.00%,SD,0.00%,0.00%,NH,0.10%,0.01%,IN,0.00%,0.00%,NH,0.21%,0.14%,SD,0.05%,0.02%,NM,0.00%,0.00%
WI,,,,,,,,SD,0.00%,0.00%,VT,0.00%,0.00%,SD,0.16%,0.06%,VT,0.10%,0.05%,KS,0.00%,0.00%,AL,0.01%,0.00%,SC,0.00%,0.00%,SD,0.00%,0.00%,ND,0.09%,0.01%,MT,0.00%,0.00%,SD,0.00%,0.00%,VT,0.00%,0.00%,WI,0.00%,0.00%,RI,0.00%,0.00%,VT,0.05%,0.00%,WY,0.01%,0.02%,UT,0.01%,0.00%,WV,0.02%,0.00%,MS,0.00%,0.00%,AK,0.02%,0.00%,MS,0.01%,0.00%,WV,0.10%,0.04%,DE,0.00%,0.00%,WI,0.00%,0.00%,WI,0.00%,0.00%,VT,0.00%,0.00%,VT,0.00%,0.00%,SD,0.00%,0.00%,NM,0.00%,0.00%,VT,0.00%,0.00%,WV,0.04%,0.00%,AL,0.04%,0.00%,ND,0.00%,0.00%,RI,0.00%,0.00%,MT,0.00%,0.00%,VT,0.00%,0.00%,AR,0.00%,0.00%,MS,0.04%,0.01%,UT,0.00%,0.00%,ND,0.00%,0.00%,VT,0.17%,0.07%,WI,0.00%,0.00%,ND,0.10%,0.01%,VT,0.00%,0.00%,UT,0.00%,0.00%,AK,0.11%,0.00%,ND,0.00%,0.00%,HI,0.25%,0.08%,WV,0.07%,0.02%,SC,0.00%,0.00%
WV,,,,,,,,VT,0.00%,0.00%,WI,0.00%,0.00%,MS,0.08%,0.03%,ND,0.16%,0.04%,WV,0.00%,0.00%,MS,0.00%,0.00%,SD,0.00%,0.00%,VT,0.00%,0.00%,VT,0.08%,0.01%,ND,0.00%,0.00%,VT,0.00%,0.00%,WI,0.00%,0.00%,WV,0.00%,0.00%,VT,0.00%,0.00%,RI,0.04%,0.00%,VT,0.04%,0.02%,SD,0.01%,0.00%,SD,0.01%,0.00%,MT,0.00%,0.00%,WY,0.01%,0.00%,ND,0.00%,0.00%,MS,0.07%,0.02%,KY,0.00%,0.00%,WV,0.00%,0.00%,WV,0.00%,0.00%,WI,0.00%,0.00%,WA,0.00%,0.00%,VT,0.00%,0.00%,SD,0.00%,0.00%,WV,0.00%,0.00%,SD,0.04%,0.00%,WV,0.02%,0.00%,WY,0.00%,0.00%,TN,0.00%,0.00%,NH,0.00%,0.00%,WI,0.00%,0.00%,ND,0.00%,0.00%,AK,0.05%,0.01%,VT,0.00%,0.00%,UT,0.00%,0.00%,DE,0.15%,0.06%,WV,0.00%,0.00%,RI,0.09%,0.01%,WA,0.00%,0.00%,WV,0.00%,0.00%,SD,0.07%,0.00%,NH,0.00%,0.00%,DE,0.26%,0.06%,MS,0.05%,0.01%,VT,0.00%,0.00%
WY,,,,,,,,WY,0.00%,0.00%,WV,0.00%,0.00%,ND,0.06%,0.01%,RI,0.17%,0.04%,MS,0.00%,0.00%,ND,0.00%,0.00%,UT,0.00%,0.00%,WV,0.00%,0.00%,AK,0.15%,0.01%,VT,0.00%,0.00%,WV,0.00%,0.00%,WV,0.00%,0.00%,WY,0.00%,0.00%,WV,0.00%,0.00%,WY,0.00%,0.00%,MS,0.01%,0.00%,VT,0.00%,0.00%,VT,0.00%,0.00%,ND,0.02%,0.00%,ND,0.01%,0.00%,WY,0.00%,0.00%,ND,0.04%,0.01%,WV,0.00%,0.00%,WY,0.00%,0.00%,WY,0.00%,0.00%,WV,0.00%,0.00%,WV,0.00%,0.00%,WV,0.00%,0.00%,WV,0.00%,0.00%,WY,0.00%,0.00%,ND,0.01%,0.00%,AK,0.01%,0.00%,SD,0.01%,0.00%,VT,0.00%,0.00%,RI,0.00%,0.00%,WV,0.00%,0.00%,NH,0.00%,0.00%,ND,0.02%,0.00%,WV,0.00%,0.00%,VT,0.00%,0.00%,RI,0.19%,0.02%,WY,0.00%,0.00%,VT,0.09%,0.01%,WI,0.00%,0.00%,WY,0.00%,0.00%,VT,0.03%,0.00%,WV,0.00%,0.00%,VT,0.07%,0.02%,ND,0.03%,0.01%,WI,0.00%,0.00%
,,,,,,,,,100.00%,100.00%,,100.00%,100.00%,,100.00%,100.00%,,100.00%,100.00%,,100.00%,100.00%,,100.00%,100.00%,,100.00%,100.00%,,100.00%,100.00%,,100.00%,100.00%,,100.00%,100.00%,,100.00%,100.00%,,100.00%,100.00%,,100.00%,100.00%,,100.00%,100.00%,,100.00%,100.00%,,100.00%,100.00%,,100.00%,100.00%,,100.00%,100.00%,,100.00%,100.00%,,100.00%,100.00%,,100.00%,100.00%,,100.00%,100.00%,,100.00%,100.00%,,100.00%,100.00%,,100.00%,100.00%,,100.00%,100.00%,,100.00%,100.00%,,100.00%,100.00%,,100.00%,100.00%,,100.00%,100.00%,,100.00%,100.00%,,100.00%,100.00%,,100.00%,100.00%,,100.00%,100.00%,,100.00%,100.00%,,100.00%,100.00%,,100.00%,100.00%,,100.00%,100.00%,,100.00%,100.00%,,100.00%,100.00%,,100.00%,100.00%,,100.00%,100.00%,,100.00%,100.00%,,100.00%,100.00%,,100.00%,100.00%,,100.00%,100.00%,,100.00%,100.00%,,100.00%,100.00%,,100.00%,100.00%,,100.00%,100.00%